Date,Open,High,Low,Close,O2C,O2L,O2H
2012-05-14,41.85275150034609,44.788914427748,37.82174996120943,38.0506706237793,-0.0908442274466793,-0.0963138956133703,0.0701545972999561
2012-05-21,36.35864216820881,36.48803342128943,30.79486574578098,31.76031494140625,-0.1264713683621341,-0.1530248681094221,0.0035587482195293
2012-05-28,31.33233235911352,31.541348272937157,26.70414507715172,27.58996963500977,-0.119440923874128,-0.1477128235752171,0.0066709337635006
2012-06-04,27.07240879401381,27.629781369057195,25.400289170482168,26.972877502441406,-0.0036764845097349,-0.0617647153695971,0.0205882150821625
2012-06-11,27.05250176571646,29.958804426971096,26.71409651829355,29.869226455688477,0.1041206729923086,-0.0125092034131855,0.1074319368472524
2012-06-18,29.81946074898127,33.29309129788391,29.272041484539553,32.89496612548828,0.103137524933682,-0.0183577855095994,0.1164887111186714
2012-06-25,32.70585924400899,33.2831365760981,30.61570965140437,30.95411491394043,-0.0535605659218215,-0.0639074967274401,0.0176505783805345
2012-07-02,31.103406008947765,31.750356474253632,30.406688954986837,31.581153869628903,0.0153599853515625,-0.0224000244140624,0.0207999877929688
2012-07-09,31.949421051956424,32.725764742976466,30.406692684072457,30.57589530944824,-0.0429906301048317,-0.0482865828890973,0.0242991473854109
2012-07-16,30.356927233522807,30.356927233522807,27.02264140360313,28.625089645385746,-0.0570491728235464,-0.1098360780809746,0.0
2012-07-23,27.988092633874174,29.351665033217845,22.175487357404165,23.598777770996097,-0.1568279382341927,-0.2076813648042231,0.0487197329657729
2012-07-30,23.88742139308981,23.9272346733111,19.727028530049065,20.991071701049805,-0.1212499936421712,-0.1741666793823242,0.0016667048136392
2012-08-06,21.289661289815363,22.344690314969338,20.12514955329747,21.707691192626953,0.0196353477456012,-0.0546984623505954,0.0495559328442054
2012-08-13,22.046094491544164,22.34468833764442,18.91087144709996,18.960636138916016,-0.1399548729055653,-0.1422121748433367,0.0135440699582768
2012-08-20,18.960636875841576,20.03557058709809,18.66204491653753,19.31894874572754,0.0188976705915665,-0.0157479920774441,0.0566929116514077
2012-08-27,19.39857505348086,19.438388330606447,17.945424609624734,17.975282669067383,-0.0733709759860987,-0.0749101642697913,0.0020523815288402
2012-09-03,17.995188597829536,19.32890295450508,17.467674087132014,18.890966415405273,0.0497787401730138,-0.029314197393916,0.0741150530001339
2012-09-10,18.970589950639223,21.97642373554299,18.46298210762027,21.896799087524418,0.1542497700123757,-0.0267576203133235,0.1584470379004994
2012-09-17,22.563658294589295,23.260375452408542,21.269757171098156,22.75276756286621,0.0083811439531622,-0.0573444743134322,0.0308778456366855
2012-09-24,21.67783139751432,21.876892064847176,19.70711807163024,21.558393478393555,-0.0055096802318732,-0.0909091545988337,0.0091826836219272
2012-10-01,21.97642422640397,22.484032080760755,20.78205258104667,20.811912536621097,-0.0529891340732198,-0.0543478608281641,0.0230978365327927
2012-10-08,20.304307550805408,20.65266615478329,19.35876493818163,19.428436279296875,-0.0431372145697128,-0.0465685722233,0.0171568817654194
2012-10-15,19.587681947581583,20.383928409515264,18.71180894105323,18.910871505737305,-0.034552860499547,-0.0447155007352207,0.0406503671064552
2012-10-22,19.109936906650372,24.13624747769667,18.960639011778397,21.83708381652832,0.1427083157416854,-0.0078125791624156,0.2630207831453966
2012-10-29,20.72233651528817,21.58825632429083,20.632758538549908,21.08064842224121,0.0172910958515074,-0.0043227739628769,0.0417867844373541
2012-11-05,21.00102393389807,21.379240584411928,19.04026364774527,19.119888305664062,-0.0895735195652836,-0.0933649850752233,0.0180094385732959
2012-11-12,19.06016896632822,23.81774716797315,18.781483632120697,23.449481964111328,0.2302872028856243,-0.0146213464686409,0.2496083959197679
2012-11-19,23.847605471137285,24.56422924852268,22.593517657515804,23.88741874694824,0.0016694873562522,-0.0525875780333292,0.0300501355682322
2012-11-26,24.823010695540816,27.868656158447266,24.69361944312888,27.868656158447266,0.1226944426790891,-0.0052125527398327,0.1226944426790891
2012-12-03,27.868653685918307,28.744524823607705,26.554846030183523,27.361045837402344,-0.018214293888637,-0.047142846243722,0.03142854145595
2012-12-10,27.04254647818628,28.615134672973653,26.63446992689598,26.684234619140625,-0.0132499304137162,-0.0150901673264931,0.058152370970533
2012-12-17,26.64442775966774,28.087624961712837,25.9974771588612,26.13681983947754,-0.0190511849144899,-0.0242808968029645,0.0541650665220777
2012-12-24,26.375690374080317,27.05250084591415,25.03202274892802,25.7884578704834,-0.0222641567014298,-0.0509434106214991,0.0256603888745578
2012-12-31,26.077098907501476,28.79429226655783,25.98752093756323,28.625089645385746,0.0977099004349482,-0.0034351202277519,0.1041984527763059
2013-01-07,28.555419669318983,31.810079104208857,28.515606392610103,31.571205139160156,0.105611666883728,-0.0013942458969236,0.1139769428213587
2013-01-14,31.929518342381144,32.05890579408167,29.132698352684095,29.5208683013916,-0.0754364665060562,-0.0875935540181554,0.0040522832293646
2013-01-21,29.610445596903347,31.780219729261,29.60049227813823,31.39204978942871,0.0601680980009191,-0.0003361421472886,0.0732773211823791
2013-01-28,31.73045417866939,32.357498094276075,28.60518412292533,29.590539932250977,-0.0674403913151977,-0.0984943372744095,0.0197615802180421
2013-02-04,28.923682634248223,29.15260517573034,27.878608812600884,28.416074752807617,-0.0175499049640225,-0.0361321148092628,0.0079147093534711
2013-02-11,28.475793407193404,28.61513607100725,26.9728764674819,28.187152862548828,-0.0101363477574486,-0.0527787555633777,0.0048933724803132
2013-02-18,28.09757751596152,28.94359069322743,26.6941917330152,27.00273704528809,-0.0389656535354866,-0.04994686044194,0.0301098262576306
2013-02-25,27.03259621574796,27.988093981742804,26.216443020911633,27.649688720703125,0.0228277188039997,-0.0301914469599066,0.0353461339180663
2013-03-04,27.629781477560893,28.545465946500286,27.08236032096366,27.828842163085938,0.0072045696664922,-0.0198127211770319,0.0331412128497307
2013-03-11,27.878609210955165,28.505653133223028,26.435410200057134,26.524988174438477,-0.0485541092195076,-0.0517672528058147,0.0224919370088755
2013-03-18,26.246301631520183,26.773814236110898,25.44009989891684,25.609302520751953,-0.0242700522043546,-0.0307167746496956,0.0200985499594046
2013-03-25,25.629211256906217,26.156725803094297,24.604042123205392,25.46000862121582,-0.0066019447104444,-0.040000026665845,0.0205825509376895
2013-04-01,25.509770482719627,27.669591228187297,25.161413828935636,27.26151466369629,0.0686695390757551,-0.0136558129372417,0.0846664123038948
2013-04-08,27.06245322251852,27.968184293477577,26.29606480912199,27.271467208862305,0.0077233939076101,-0.0283192512923707,0.0334681805641108
2013-04-15,27.03259482823527,27.351093434418665,25.032023322444186,25.609302520751953,-0.0526509688221532,-0.0740058998591399,0.01178202123056
2013-04-22,25.688928115353168,27.49043900761485,25.579445401959347,26.724050521850582,0.0402944958173934,-0.004261863823286,0.0701279120783944
2013-04-29,27.03259522280399,28.933635467310054,26.73400324974916,28.177200317382812,0.0423416651322201,-0.0110456273470535,0.0703240006679934
2013-05-06,28.19710739129086,28.32649674204219,26.445363106217613,26.554847717285156,-0.0582421328264665,-0.0621249641236002,0.0045887455388878
2013-05-13,26.475222039022732,27.201797215410902,25.778504920205783,26.126863479614254,-0.0131579088891121,-0.0263158177782242,0.0274435914198281
2013-05-20,26.05719169790626,26.067145016392104,23.967042275913517,24.19596290588379,-0.0714286026522199,-0.0802139173793117,0.0003819797083752
2013-05-27,24.42488423907107,24.832960785015334,23.15088801124427,24.235774993896484,-0.0077424827615795,-0.0521597652360154,0.0167074096216795
2013-06-03,24.156150369773343,24.205915061410263,22.563655558175025,23.180747985839844,-0.0403790491863315,-0.0659250247750987,0.0020601250975482
2013-06-10,23.947138761001177,24.484606638899752,23.150892162338433,23.519155502319336,-0.0178719997805677,-0.0332501768419807,0.0224439288243431
2013-06-17,23.79784164938651,25.071838046136495,23.539061042309093,24.414934158325195,0.0259306082471808,-0.0108741208925594,0.0535341152159834
2013-06-24,23.83765266975656,24.86281978328523,23.27032491272255,24.763288497924805,0.0388308295700031,-0.0237996486018856,0.0430062107092166
2013-07-01,24.852865893199475,24.942443858123088,24.03671278914106,24.25568199157715,-0.0240287741537982,-0.0328393959700937,0.0036043314001917
2013-07-08,24.35521227709419,25.87803583872031,24.30544758291875,25.7884578704834,0.0588475919274643,-0.002043287227771,0.0625255712945816
2013-07-15,25.80836492101091,26.65437802435786,25.479912998346965,25.75859832763672,-0.0019283125268302,-0.0127265684466724,0.0327805773800959
2013-07-22,25.86808269436,34.71638168354441,25.599348787840032,33.850460052490234,0.3085801701055573,-0.0103886287087895,0.3420546893146278
2013-07-29,33.91017988832203,38.30944797504378,33.85045997696101,37.87150955200195,0.1168183028437465,-0.0017611204528461,0.1297329622316976
2013-08-05,38.24972564554107,39.13555005897901,37.52315052219534,38.31939697265625,0.0018214856692258,-0.018995564310157,0.0231589743060338
2013-08-12,38.020808203575264,38.31940017283417,35.851034071862756,36.906063079833984,-0.029319343181044,-0.057068069676343,0.0078533830122745
2013-08-19,37.25441632814472,40.439405900705374,36.96577580571585,40.35977935791016,0.0833555678986551,-0.0077478202822039,0.0854929398036086
2013-08-26,40.70813975802531,42.06175681334331,39.23507909179824,41.096309661865234,0.0095354370439734,-0.0361858997975132,0.033251754154429
2013-09-02,41.64372902142239,44.40073542753235,41.245603899742,43.74383163452149,0.0504302247288844,-0.009560265880022,0.0662045996095041
2013-09-09,44.151910842697106,45.405998597179696,42.907774508296505,44.10214614868164,-0.0011271243546573,-0.0281785388368165,0.0284039293101177
2013-09-16,44.639608162818014,47.376707976067344,42.23096214962386,47.26722717285156,0.0588629497026407,-0.0539575975758766,0.06131549818417
2013-09-23,47.05821438375442,51.03945089802949,46.07286047268102,50.99964141845703,0.0837564086592985,-0.0209390416524933,0.0846023710506425
2013-09-30,49.904799332421064,51.35794975569707,48.82986744287547,50.80057907104492,0.0179497713768364,-0.0215396495712839,0.0291184503838282
2013-10-07,50.49203073899053,51.049405207928686,45.047688687536166,48.87963104248047,-0.031933746235026,-0.1078257691713353,0.0110388602078495
2013-10-14,48.08338692185309,54.57280310544765,47.6852617388387,53.96566390991211,0.1223349136702685,-0.0082798905921798,0.1349617112900428
2013-10-21,54.423503752502214,54.552895003030955,50.89015708605648,51.7063102722168,-0.0499268384601292,-0.0649231751508333,0.0023774884306817
2013-10-28,51.29823248505642,51.845651736669886,46.2818736550796,49.51662826538086,-0.0347303237045165,-0.0977881417539702,0.0106713082516622
2013-11-04,49.13840613501168,50.21334171834319,47.028352037897534,47.307037353515625,-0.0372696008182321,-0.0429410366163811,0.0218756705371769
2013-11-11,46.81933792912311,49.33746857331427,45.51548172610416,48.78009414672851,0.041879195741163,-0.0278486681078825,0.0537839866083369
2013-11-18,48.24263180317219,48.61089509570249,45.5055318626412,46.01313781738281,-0.0462141865494737,-0.0567361240095324,0.0076335655573849
2013-11-25,46.14253343835183,46.98854470880732,43.34571332140076,46.78948211669922,0.0140206579513396,-0.060612625890768,0.0183347381995353
2013-12-02,46.679999796776045,49.15831740856969,46.042998763155424,47.715118408203125,0.0221747775478476,-0.0136461233160634,0.0530916371590217
2013-12-09,47.86441524974572,53.249037382745634,47.516058579981646,53.069881439208984,0.1087544089341177,-0.0072779886257134,0.1124973971770922
2013-12-16,53.00020803665099,55.6278233768951,52.66180280060121,54.86143493652344,0.0351173508335166,-0.0063849793913218,0.0495774533267311
2013-12-23,55.23965918734148,58.30521326741082,54.99083189370481,55.17993927001953,-0.0010811058250633,-0.0045045045045044,0.0554955284874717
2013-12-30,54.672332847732655,55.38895666295856,53.17936909721413,54.30406951904297,-0.0067358261392527,-0.0273074820984237,0.0131076136301292
2014-01-06,54.16472051609021,58.683424834471815,53.79645720460362,57.668209075927734,0.0646821127563424,-0.0067989515680635,0.0834252309497151
2014-01-13,57.63834833285626,58.295252169931146,55.12021759020299,56.0359001159668,-0.0278017719667376,-0.0436884611632396,0.0113969927327085
2014-01-20,56.33449231859875,59.031782806627135,54.14481538356567,54.194580078125,-0.0379858263099543,-0.038869205080422,0.0478799111701212
2014-01-27,54.47326586536815,63.072735767898074,51.60677463225723,62.2764892578125,0.1432486793013326,-0.0526219823168949,0.1578658772503874
2014-02-03,62.73433039869816,64.26710730049184,60.41526220549855,64.01828002929688,0.0204664594718517,-0.0369664931220456,0.0244328247715781
2014-02-10,63.99837810936946,67.2629907394302,63.05282990906398,66.77528381347656,0.0433902512242034,-0.0147745650474078,0.051010865064138
2014-02-17,66.6259955237887,69.78112364018577,65.42167238895719,68.26824951171875,0.0246488472707876,-0.0180758745196011,0.0473558119708775
2014-02-24,68.4175479532548,71.10488717940032,67.06392691940506,68.13886260986328,-0.0040733021239218,-0.0197847054497564,0.0392785083145863
2014-03-03,66.64589809263947,71.63239893464066,66.19801202387305,69.47257995605469,0.0424134409515505,-0.0067203846235795,0.0748208214565558
2014-03-10,70.43801646594729,72.24947859047754,67.14354601810511,67.40232849121094,-0.0430972949984179,-0.0467711984682995,0.0257171086781807
2014-03-17,67.86017644246034,69.2735135774161,65.86955819257135,66.9245834350586,-0.0137870700674504,-0.0293341154451148,0.0208271951098468
2014-03-24,66.87481988610054,67.04402060817371,57.70802032288323,59.72849655151367,-0.1068611974844687,-0.1370740075088046,0.0025301110696275
2014-03-31,60.49488988970017,63.610208642137714,56.05581192092535,56.483795166015625,-0.0663046867429288,-0.0733793875295674,0.0514972216350452
2014-04-07,55.6377795881936,62.8836285404038,55.17993452172974,58.25543975830078,0.0470482501185696,-0.0082290319608839,0.1302325327473667
2014-04-14,59.80812398222953,60.29582711191542,55.61787358166651,58.663516998291016,-0.0191379850717037,-0.0700615588913648,0.0081544629259864
2014-04-21,59.181076143538085,63.35142355935613,57.29994261659133,57.43928527832031,-0.0294315510754354,-0.0317860648965599,0.0704675833488269
2014-04-28,57.77769298732458,61.98785006053645,54.403595717099655,60.176387786865234,0.0415159324562662,-0.0583979230698107,0.0728682101262767
2014-05-05,59.39009428804293,61.06221393929269,55.996090288133026,56.97149658203125,-0.0407239243346111,-0.0571476445793961,0.0281548576626255
2014-05-12,57.70802378960515,60.604373250592545,57.04116848471122,57.74783706665039,0.0006899088624208,-0.0115556773755619,0.0501897183578327
2014-05-19,57.61844520273023,61.1916051483264,57.299946583357006,61.06221389770508,0.059768511331015,-0.0055277197823125,0.0620141680849599
2014-05-26,61.33094366506489,63.998376066025635,61.28117897105952,63.0030632019043,0.027263880790275,-0.0008114124947619,0.0434924402195388
2014-06-02,62.9333928012196,64.0580931270197,61.7589277806785,62.206817626953125,-0.0115451454613518,-0.0186620324801293,0.0178712806625977
2014-06-09,62.1072859936484,66.15819350741948,61.500146868055715,64.19743347167969,0.0336538208777153,-0.0097756505678702,0.0652243524887781
2014-06-16,63.85903204094561,65.44156977927038,63.05282654997517,64.19743347167969,0.0052991944900934,-0.0126247684188746,0.0247817370189712
2014-06-23,64.01827784796043,67.68101545889172,63.91874846159491,67.28289031982422,0.0509950061389818,-0.0015547026522941,0.0572139353643668
2014-06-30,67.14355189369475,68.11895816623073,65.45152943798004,65.97904205322266,-0.0173435841213137,-0.0252000736927591,0.0145271771454732
2014-07-07,65.98899528338251,66.27762823526777,61.918177182582426,66.02880096435547,0.000603216957646,-0.0616893480999127,0.0043739558489375
2014-07-14,66.8150951872752,68.13885807386826,65.7302119450636,68.09904479980469,0.0192164601267231,-0.0162370979068546,0.0198123325706967
2014-07-21,68.48721845536834,76.38002011967944,68.17867505659896,74.83729553222656,0.0927191557793581,-0.0045051238132914,0.1152448857220662
2014-07-28,74.81738505721133,75.14583889072232,71.21437088686201,72.02056884765625,-0.0373819027144079,-0.048157445860934,0.0043900736875504
2014-08-04,72.02057177827584,73.65287820119214,71.45324585803793,72.71728515625,0.0096738107011852,-0.0078772759814305,0.022664446874173
2014-08-11,73.11540620759467,74.29982647679991,71.88122503912224,73.28460693359375,0.0023141596932207,-0.0168799057885044,0.0161993255681619
2014-08-18,73.65286612832219,75.22545617352725,73.22488295383232,74.2201919555664,0.0077026985787055,-0.0058108149348079,0.0213513760953335
2014-08-25,74.58846448085374,75.63353445302565,73.38414141181435,74.46902465820312,-0.0016013176230659,-0.0161462375907809,0.014011147426693
2014-09-01,74.6581375381826,77.11655222426435,74.46902637968222,76.8975830078125,0.0299959996789978,-0.0025330280761914,0.0329289581437045
2014-09-08,76.89757743028977,77.99241583953258,75.8425446996912,77.11654663085938,0.0028475435493153,-0.0137199735785563,0.0142376189969745
2014-09-15,76.78809576147118,77.93270270312375,72.7272329602577,77.5445327758789,0.0098509672222822,-0.0528840149106946,0.0149060467029693
2014-09-22,76.63879838054265,78.56970040605816,75.59372081972938,78.42040252685547,0.0232467651367187,-0.013636403269582,0.0251948369013798
2014-09-29,77.75353922198526,79.33607683430505,75.28516964307573,77.07672882080078,-0.0087045606921145,-0.0317460736013877,0.0203532550177768
2014-10-06,76.82790699817248,77.5843363989182,72.41868766039265,72.56798553466797,-0.0554475792709782,-0.0573908558759086,0.0098457634771139
2014-10-13,72.88649259504096,75.643495606895,69.99013931568808,75.5937271118164,0.0371431580857773,-0.0397378605586783,0.0378259800093826
2014-10-20,75.24536356015759,80.4408780781999,75.02639435156492,80.29158020019531,0.0670634893803569,-0.0029100691156552,0.0690476365881145
2014-10-27,80.36125685516691,80.77929245999808,72.55803693787348,74.63822937011719,-0.0712162515746138,-0.097101765485786,0.0052019545386724
2014-11-03,75.11597388761537,76.439736723127,73.30451175245402,75.245361328125,0.0017225023362303,-0.0241155381659773,0.0176229204921469
2014-11-10,75.00649162078884,75.12593144208762,73.1950294292543,74.52873992919922,-0.0063694712453022,-0.0241507388546148,0.0015923931211532
2014-11-17,74.52874938494574,75.30509693147773,72.1698714654577,73.404052734375,-0.015090775839557,-0.031650576978077,0.0104167526349075
2014-11-24,73.19502854888727,77.9028361094422,73.00591739917347,77.33551025390625,0.0565677995774472,-0.0025836611237536,0.064318679203883
2014-12-01,76.89758021110363,76.94734110801106,74.05099568796936,76.00180053710938,-0.011648996906471,-0.0370178686418956,0.0006471061478244
2014-12-08,75.82264334238995,78.50997472611272,74.42920916084262,77.46490478515625,0.0216592480870178,-0.0183775468662447,0.0354423331245214
2014-12-15,78.09195008872138,79.62472699460011,74.24010118665953,79.50528717041016,0.0180983709599141,-0.0493245321404537,0.0196278477376646
2014-12-22,79.70435629332091,81.78454871287666,79.62472974111436,80.40106964111328,0.0087412204325242,-0.0009990238414762,0.0260988547715058
2014-12-29,80.11243233441975,80.58022885560244,77.33551886081705,78.08200073242188,-0.0253447753717186,-0.0346627033119006,0.0058392500084123
2015-01-05,77.61420771769555,78.87824694586222,75.00649511651278,77.37532806396484,-0.0030777825446544,-0.0335983923287311,0.0162861834880068
2015-01-12,77.47485745553881,77.71373710926743,73.19503283991381,74.82733917236328,-0.0341726125110315,-0.055241464859501,0.0030833184025631
2015-01-19,75.36480209297969,77.8232166488,74.4690224338703,77.46490478515625,0.0278658290588437,-0.0118859153641012,0.0326201952044841
2015-01-26,77.61420645091593,78.10190578051252,73.86188691606942,75.55391693115234,-0.0265452629611891,-0.0483457823822435,0.006283634812462
2015-02-02,75.75298054321595,75.99185261467504,73.4040503253173,74.12067413330078,-0.021547751629178,-0.0310077597086576,0.003153302612599
2015-02-09,73.70263747530514,76.50940866534584,73.1054459762113,75.38470458984375,0.0228223462844488,-0.0081027154461593,0.0380823710817831
2015-02-16,74.94677947508428,79.96313073754129,74.72781025457904,79.52519989013672,0.0610889546838301,-0.0029216628391355,0.066932179042125
2015-02-23,79.58490979094215,80.98829917987055,77.73363437222255,78.59955596923828,-0.0123811640208206,-0.0232616387149602,0.0176338629096257
2015-03-02,78.629417403582,81.60538942973582,78.15166570348767,79.63468170166016,0.0127848371674742,-0.0060759918599189,0.0378480742249306
2015-03-09,79.30622708980935,79.53515151735118,76.89758096018788,77.68387603759766,-0.0204567927607309,-0.0303714628473478,0.002886588303874
2015-03-16,77.59428990197523,84.20314115441114,76.99710601166696,83.40689849853516,0.0749102621327289,-0.0076962350072755,0.0851718761881172
2015-03-23,83.52634280011212,85.66625901066539,81.75469371208402,82.90925598144531,-0.0073879305375977,-0.021210662751844,0.0256196564917768
2015-03-30,83.41685958576274,83.94437223390861,80.49065577284657,81.17741394042969,-0.0268464391545527,-0.0350792852601658,0.0063238133246136
2015-04-06,80.42097784602625,83.02868281283254,80.42097784602625,81.65515899658203,0.0153465076353429,0.0,0.032425680918715
2015-04-13,81.545676649863,83.54625011081816,79.99299684986516,80.40106964111328,-0.0140363910850157,-0.0190406145829736,0.0245331640271394
2015-04-20,81.15750007745481,85.18849713550794,80.8589043278485,81.14754486083984,-0.0001226653926681,-0.0036792132498085,0.0496688174747379
2015-04-27,81.48596393939955,82.5409892226255,77.74359935889106,78.61946868896484,-0.0351777792377408,-0.0459264933441992,0.012947325308817
2015-05-04,78.95786912445162,79.31618099159864,76.68856569492416,78.14171600341797,-0.0103365646778948,-0.02874068733986,0.0045380133876493
2015-05-11,78.11186810300306,81.46605519323919,76.42979315205677,80.04276275634766,0.0247196066390116,-0.0215341790152579,0.0429408126024215
2015-05-18,79.95317930516113,81.30680024598041,79.08725768175884,80.16219329833984,0.0026142049008578,-0.0108303588541148,0.0169301702894496
2015-05-25,80.05271608390208,80.68971333914267,78.50998384766255,78.81853485107422,-0.0154171062919881,-0.019271454008164,0.0079572222705468
2015-06-01,78.92800303632728,82.56087464108958,78.29100591368594,81.75467681884766,0.0358133194022326,-0.0080706098993555,0.046027664010329
2015-06-08,81.4361853938312,82.5111209800875,78.94791279246309,81.14754486083984,-0.0035443768835127,-0.0305548766722636,0.0131997291014778
2015-06-15,80.17215041281877,82.7997658086946,79.69439870738418,82.12295532226562,0.0243327003130371,-0.0059590731067405,0.0327746652964382
2015-06-22,83.0187325415413,88.98063169923893,82.91919556041469,87.59715270996094,0.0551492419632962,-0.0011989701369723,0.0718139024191243
2015-06-29,86.20372839656797,87.53743904833897,85.16860594162613,86.88053894042969,0.0078512908484439,-0.0120078617734479,0.0154716121515702
2015-07-06,86.08427947627042,87.80616751132081,84.83019551345342,87.53742980957031,0.0168805540586589,-0.0145680950162648,0.0200023517130677
2015-07-13,88.24410055663643,94.94252594797776,88.00522092661035,94.52449798583984,0.0711707342427108,-0.0027070322947284,0.075907911680081
2015-07-20,95.40038539665024,98.7744829805348,94.36526291638263,96.49522399902344,0.0114762492606412,-0.0108502966310231,0.0353677563235822
2015-07-27,96.1269597197489,96.82367308868557,91.36938318830823,93.56901550292967,-0.0266100605311632,-0.0494926350038637,0.0072478456716813
2015-08-03,93.09125850076948,98.27681797785112,92.36468711336732,93.85765075683594,0.0082326984123876,-0.0078049367803546,0.0557040431141959
2015-08-10,95.23117286300456,95.45014207508676,90.76223723011005,93.97708129882812,-0.0131689186058907,-0.0469272350485834,0.0022993438545299
2015-08-17,93.97708854481635,95.6492082281098,85.20841732368211,85.65630340576172,-0.0885405716212051,-0.0933064788121479,0.0177928440770541
2015-08-24,76.66865296857779,91.05087293370322,71.66224978860097,90.58307647705078,0.1814877785080656,-0.0652992192523411,0.1875893133406152
2015-08-31,90.17499728621462,90.62289090928977,86.09423175084919,87.84597778320312,-0.0258277745838927,-0.0452538470548894,0.0049669380266629
2015-09-07,89.26927221528143,91.64806026636064,88.4133058143335,91.61820220947266,0.0263128614796651,-0.0095885894407617,0.0266473333101958
2015-09-14,91.87698379761522,95.06197758493714,91.1703152231847,93.95718383789062,0.0226411442158095,-0.0076914646652654,0.0346658505283298
2015-09-21,94.17615155303346,96.0373747452516,91.48881237615328,92.33482360839844,-0.0195519557156475,-0.0285352409560593,0.0197632114025175
2015-09-28,91.64806251688032,91.85707651383429,85.31789611859604,91.63810729980467,-0.0001086244138963,-0.069070378843179,0.0022806155549166
2015-10-05,92.50403175517388,93.827787109518,90.04561702143972,92.80261993408205,0.003227839622152,-0.0265762982119602,0.0143102449615131
2015-10-12,92.88224523494898,97.13221176571076,92.2352927989523,97.08245086669922,0.0452207590495434,-0.0069652971282099,0.0457565008254412
2015-10-19,96.72413920724968,102.36754001477888,96.01747065335078,101.71063995361328,0.0515538394782618,-0.0073060206034475,0.0583453195219153
2015-10-26,101.72059318510566,104.62690170546207,101.07364830554198,101.4916763305664,-0.0022504474990887,-0.0063600187465128,0.0285714861598151
2015-11-02,101.24283538620196,110.13094529620886,100.70536760068244,106.59759521484376,0.0528902594264122,-0.0053086994597622,0.0877900137437104
2015-11-09,106.498083146678,109.3546232507592,103.34295484227468,103.46238708496094,-0.0285047014182973,-0.0296261511116384,0.026822455575533
2015-11-16,102.83533763002208,107.37394477205784,99.9987081662497,106.81657409667967,0.0387146729753656,-0.0275841897264723,0.0441347035623557
2015-11-23,106.68718851454568,106.96587385711776,103.90031990161243,104.9553451538086,-0.016232908419936,-0.0261218675994377,0.0026121725246711
2015-11-30,105.3435138623308,107.4137586592398,102.86519627394222,105.68192291259766,0.0032124336644883,-0.0235260577279338,0.0196523233467843
2015-12-07,105.98051661892514,106.4084998369202,101.43195432237574,101.6409683227539,-0.0409466610903112,-0.0429188537823861,0.0040383197935706
2015-12-14,101.81016531060376,107.24455190177176,100.9840569630482,103.5519561767578,0.0171082215694295,-0.0081142029878376,0.0533776423463091
2015-12-21,104.41788961461069,105.61225759197714,103.11402942645844,104.5273666381836,0.001048450835168,-0.0124869425437016,0.0114383462620695
2015-12-28,104.52735640727822,107.2345983241769,104.03965708350924,104.16905212402344,-0.0034278517659883,-0.0046657577550196,0.0258998410554863
2016-01-04,101.47175113850103,103.28321324378298,96.57483260249997,96.87342834472656,-0.0453162849973695,-0.0482589339501705,0.0178518857214698
2016-01-11,97.45070890801564,100.10818214481336,92.016315025802,94.52449798583984,-0.0300276001577151,-0.0557655654136205,0.0272699220618923
2016-01-18,96.07718608735524,97.60996301066284,88.95077688898064,97.48057556152344,0.0146068960938574,-0.0741737918083395,0.0159535992437786
2016-01-25,98.25691442080556,112.3106738889601,93.78797874014552,111.68363189697266,0.1366490852609558,-0.0454821495973392,0.1430307429354682
2016-02-01,111.74334920113488,117.03839330395652,102.69599313635068,103.58181762695312,-0.0730381864561016,-0.0809654993291746,0.0473857651544943
2016-02-08,99.93899342142278,104.616943296534,96.3658296948609,101.53148651123048,0.0159346520841216,-0.0357534492217122,0.0468080547438099
2016-02-15,103.3130831408319,105.50276002850973,99.76977773471326,104.0794677734375,0.0074180791948769,-0.0342967734424164,0.0211945749861413
2016-02-22,104.99516334088209,108.93658678503544,102.25806309408614,107.41376495361328,0.0230353621611965,-0.0260688222171676,0.0375390953139142
2016-02-29,107.09525854304884,110.0314249689356,106.24924731964636,107.88155364990234,0.0073420160476801,-0.007899614183782,0.0274163998092083
2016-03-07,107.5630485886722,108.9067142856887,103.9102662024286,108.89676666259766,0.0123994075235417,-0.0339594538660953,0.0124918893118655
2016-03-14,108.76738131185392,112.16138911506168,108.25977152560868,110.9272003173828,0.0198572309039631,-0.0046669302885012,0.0312042798334601
2016-03-21,111.13622002683654,112.65904176604477,110.50917042108776,112.51969909667967,0.0124484985138874,-0.0056421714324758,0.0137022992039902
2016-03-28,112.78843423859988,116.44121705053608,112.42016711396738,115.5155792236328,0.0241792964273602,-0.0032651142567813,0.0323861470069606
2016-04-04,113.53491165960598,114.351064838898,109.3844744280943,110.11104583740234,-0.030156942672126,-0.0365564844402688,0.0071885657667922
2016-04-11,110.18071183766432,112.12156909487972,106.02031959012656,109.1256866455078,-0.0095754072973403,-0.0377597147281778,0.0176152179891066
2016-04-18,109.22521345663591,113.50504542615607,108.4986420996557,110.04136657714844,0.0074722043993673,-0.0066520479474154,0.0391835532664745
2016-04-25,109.3546103571488,120.223383589276,105.81130490097416,117.0284423828125,0.0701738317259894,-0.0324019759624429,0.0993901692542282
2016-05-02,117.27727235911468,119.07877938915688,116.02318077456526,118.92948150634766,0.0140880591268677,-0.0106933897704344,0.015361092510114
2016-05-09,118.97925571276532,120.51203270225102,118.34225846955128,119.24798583984376,0.0022586300903342,-0.0053538513028848,0.0128827246422356
2016-05-16,118.81999867580572,119.04892311201816,115.3364167949776,116.79952239990234,-0.0170045135366156,-0.0293181444171945,0.0019266490385766
2016-05-23,116.86919473606277,119.28779619495285,115.39614149481302,118.81999969482422,0.0166922084401038,-0.012604290160264,0.020694944158315
2016-05-30,118.89962236141496,119.5366195682116,117.26731606979791,117.91426849365234,-0.0082872749988009,-0.0137284396636296,0.0053574367533343
2016-06-06,118.06356274962668,118.86976065362084,115.71463277409244,116.07294464111328,-0.0168605627524117,-0.0198954691932813,0.0068285073329851
2016-06-13,114.46054535658983,114.93829706100384,112.03198874689618,112.48983001708984,-0.0172174204950748,-0.0212174125339674,0.004173942234205
2016-06-20,113.23631219907574,114.6695597233249,110.47930935193033,111.5542449951172,-0.0148544859090905,-0.0243473387079089,0.0126571370650911
2016-06-27,111.04663766555804,114.63970417847972,107.72230886612688,113.65435028076172,0.0234830398292416,-0.0299363300800077,0.0323563737584112
2016-07-04,113.40552500672146,116.9488230890836,112.44007393305164,116.6900405883789,0.0289625711045628,-0.008513263120228,0.0312444925602356
2016-07-11,117.15783219253112,118.1630965006692,116.03313565337852,116.31182098388672,-0.0072211237849989,-0.009599840813923,0.0085804276959143
2016-07-18,116.76966569775692,121.6267714714516,116.3416824722547,120.43240356445312,0.0313672035010935,-0.0036651918368079,0.0415956125648818
2016-07-25,120.82057082270104,127.72801839414524,117.22750437071974,123.35861206054688,0.0210066979535322,-0.0297388634031035,0.0571711218082274
2016-08-01,123.269037563469,125.24970065949226,121.4973884791622,124.5629425048828,0.0104965931996313,-0.0143722147858468,0.0160678069300529
2016-08-08,124.66247183346366,125.49852787987086,123.59749133990806,124.29420471191406,-0.0029541137451659,-0.0085429117351234,0.0067065575879491
2016-08-15,124.3240581303923,124.3340057535804,122.20404497608055,122.98038482666016,-0.0108078301491967,-0.0170523162306064,8.001366218004152e-05
2016-08-22,122.75147396287264,124.60274950899046,122.51259430984685,124.3738250732422,0.013216550954494,-0.0019460430519804,0.0150814934139019
2016-08-29,123.76669349408154,126.2649216314062,123.76669349408154,125.91656494140624,0.0173703553567706,0.0,0.0201849792282293
2016-09-05,126.07580096602732,131.3608898189889,125.87674218490407,126.5037841796875,0.0033946499675659,-0.0015788817489002,0.0419199308072269
2016-09-12,125.36913430666992,128.57402325514204,125.1601203052656,128.4645538330078,0.0246904434927823,-0.0016671886789379,0.025563620313693
2016-09-19,129.30060610058695,130.11675164803452,126.7028487968529,127.35974884033205,-0.0150104266235617,-0.0200908362464532,0.006312000941532
2016-09-26,126.77250956934245,128.8626569424708,126.20518374529895,127.66828918457033,0.0070660399346112,-0.0044751486420104,0.016487386581119
2016-10-03,127.77777909253491,128.6735511513893,126.95167076895513,128.38491821289062,0.0047515235017195,-0.0064651955093188,0.0070103899536841
2016-10-10,129.07168035217143,130.08689991454509,126.1554318987331,127.2801284790039,-0.0138802862741019,-0.0225940225267181,0.007865548504549
2016-10-17,127.59864334733238,131.5102166135773,126.72277393736006,131.45050048828125,0.0301872891427524,-0.0068642533101872,0.0306552888309114
2016-10-24,132.09743330092644,132.87377323292836,128.6636197267315,130.67413330078125,-0.0107746226749373,-0.025994551812165,0.0058770251064103
2016-10-31,131.39075392494112,131.50023853768042,118.69061478324558,120.18357849121094,-0.0852965303793937,-0.0966593063995255,0.0008332748650018
2016-11-07,122.2538179973848,124.0254669720306,114.72927607331286,118.46168518066406,-0.0310185226019023,-0.061548522960918,0.014491563565595
2016-11-14,118.57116440983306,118.57116440983306,113.01734568117546,116.47106170654295,-0.0177117490052744,-0.0468395394133198,0.0
2016-11-21,117.64554095050508,122.40312516553364,117.24742335707222,119.81531524658205,0.0184433194708994,-0.0033840432048363,0.0404399875812559
2016-11-28,119.55652538000828,121.52723303934162,113.4652312827121,114.8586654663086,-0.0392940485579319,-0.0509490726494024,0.0164834805383436
2016-12-05,115.40608508933164,119.37737379627777,114.53021583034696,119.11859130859376,0.0321690681768504,-0.0075894547354821,0.0344114324983132
2016-12-12,118.66074869577147,121.92536123466984,117.05830048348452,119.30770111083984,0.0054521180944765,-0.0135044505440918,0.0275121518680817
2016-12-19,119.28779370069893,119.79540346614012,115.75445096417202,116.71989440917967,-0.0215269241877527,-0.0296203209642077,0.004255337027314
2016-12-26,116.41135912893743,118.12329210921108,114.23162962572783,114.51032257080078,-0.0163303355648573,-0.0187243712256235,0.0147058929049826
2017-01-02,115.48571439884032,123.29888936523908,114.96815700470684,122.8311004638672,0.0636042830341673,-0.0044815707018622,0.0676549043928953
2017-01-09,122.97043711160082,128.6636061364052,122.4628273659836,127.73796081542967,0.0387696735557843,-0.0041279006364477,0.0462970544671448
2017-01-16,127.43937041456182,127.8773088482852,126.18528641661796,126.4440689086914,-0.0078100001799497,-0.0098406324031914,0.0034364453645586
2017-01-23,126.7128012428223,132.5154552168256,126.35448935324916,131.55995178222656,0.0382530454055354,-0.0028277481521894,0.0457937470965032
2017-01-30,130.96277687880635,134.85443921404195,128.91244250517263,130.36558532714844,-0.0045600098431828,-0.0156558559805975,0.0297157896921883
2017-02-06,130.3655826975468,134.30701344712006,129.68877979405084,133.56053161621094,0.024507610464002,-0.0051915765610174,0.0302336756988806
2017-02-13,134.06813533542424,134.06813533542424,131.9282268037636,132.90362548828125,-0.0086859554228118,-0.0159613507438349,0.0
2017-02-20,132.8737550410108,136.14831505590357,132.27656355021196,134.80465698242188,0.0145318534936797,-0.00449442774169,0.0246441444654144
2017-02-27,134.62550622709688,137.1735103338884,134.1179040428283,136.52655029296875,0.0141209798882021,-0.0037704755844136,0.0189266074327204
2017-03-06,136.23791765008073,138.83567506924624,135.86964294717487,138.13894653320312,0.0139537429513938,-0.0027031733107647,0.0190678003890054
2017-03-13,138.05933203961362,139.68167554644066,137.84036282248405,139.18402099609375,0.0081464174848927,-0.0015860515467852,0.0117510600903206
2017-03-20,139.05465194650594,141.64244669708532,136.95454897335057,139.6816864013672,0.0045092662926693,-0.0151027164050813,0.0186099113863151
2017-03-27,138.3977246226074,142.2794237917515,138.11903930724375,141.38365173339844,0.0215749725577734,-0.0020136553265133,0.0280474204307114
2017-04-03,141.26421303565203,142.76713949394082,139.58215341673758,140.11961364746094,-0.008102543196147,-0.0119071885424366,0.0106391167726922
2017-04-10,140.3385779605461,140.76655356801126,138.15884868141788,138.7361297607422,-0.0114184440450466,-0.015531932208555,0.0030495934452569
2017-04-17,139.10438705902556,143.5733301512328,139.09443943594303,143.00599670410156,0.0280480704280049,-7.151192922695948e-05,0.0321265431428194
2017-04-24,144.28001792665367,150.81919100250238,143.6629159397782,149.54519653320312,0.0364927776015807,-0.0042771133227137,0.0453227908467059
2017-05-01,151.0282114841974,152.87948705670007,148.02237368643247,149.53524780273438,-0.0098853298121672,-0.0199024921782871,0.0122578129894384
2017-05-08,150.00303920755795,151.87420996410626,148.16171132143594,149.62481689453125,-0.0025214309991636,-0.0122752705268469,0.012474218965385
2017-05-15,149.4655815464228,150.7694341754901,143.74255361560367,147.365478515625,-0.0140507467275704,-0.0382899385370645,0.0087234306090885
2017-05-22,147.3853768478416,151.87421552796314,146.5592684527731,151.4163818359375,0.0273501013079299,-0.005605090632033,0.0304564725220722
2017-05-29,151.257128462112,152.9093452493094,149.59496405109246,152.88943481445312,0.0107915995030276,-0.0109889988519509,0.0109232325378387
2017-06-05,152.91928099324824,154.86013059262876,145.9222596252182,148.8982391357422,-0.0262951920214926,-0.0457563056965914,0.0126919874771463
2017-06-12,147.47495013270873,151.68510344774833,143.88188361067495,149.93336486816406,0.0166700496134636,-0.0243639107441669,0.0285482606452892
2017-06-19,150.9983511289299,154.47197018848613,150.9983511289299,154.34259033203125,0.0221475213344937,0.0,0.0230043509322183
2017-06-26,155.51705787232967,155.7658851649254,148.22143983095742,150.2717742919922,-0.0337280273437499,-0.0469120117187499,0.0016
2017-07-03,151.008314881024,151.43629055238227,147.10670459189652,150.72962951660156,-0.0018454968167945,-0.0258370560071574,0.0028341199072081
2017-07-10,150.9784460201275,159.56796876640368,150.7992824774068,159.2196044921875,0.0545849999738461,-0.0011866829169564,0.0568923775061976
2017-07-17,159.49827632189948,164.9227076429868,158.06502885042602,163.65866088867188,0.0260841976647816,-0.0089859746733618,0.0340093413306845
2017-07-24,163.86767599253656,174.66678490458222,163.09133617405843,171.6410369873047,0.0474368172227094,-0.0047376019326317,0.0659013978604145
2017-07-31,171.1931660917708,171.90978986248072,166.1270463913114,168.82432556152344,-0.0138372376907703,-0.0295930019644803,0.0041860536087391
2017-08-07,169.15277277665112,172.23823695700003,166.0673237835133,167.2915496826172,-0.0110032077126603,-0.0182406054745069,0.0182406952584985
2017-08-14,169.2921313413451,170.6955209015601,165.4303421287193,166.6247100830078,-0.0157563215561327,-0.0228113922485815,0.0082897506759207
2017-08-21,166.37588148214635,169.07316077904736,165.04217086348635,165.53982543945312,-0.0050251036102426,-0.0080162497519397,0.0162119609697782
2017-08-28,166.12704367853874,172.1088458356228,164.22599967374825,171.21307373046875,0.0306153046446287,-0.0114433144820723,0.0360073954524769
2017-09-04,170.4665774603769,172.6761646654376,168.75464475758736,170.1480712890625,-0.0018684376495353,-0.0100426296362256,0.0129619966446167
2017-09-11,171.591268251812,173.18376875200192,169.46130756545398,170.8348388671875,-0.0044083209613815,-0.0124129899385806,0.0092807781911892
2017-09-18,171.18321582315212,172.23824102839276,168.42620539196994,169.74000549316406,-0.0084307934224055,-0.0161056118610975,0.0061631346284005
2017-09-25,168.44612263189586,170.8547689040776,160.80214061599585,170.06846618652344,0.0096312312167189,-0.0453793883555535,0.0142992087591432
2017-10-02,170.58603259187382,171.56143129490906,167.50056818850987,171.42208862304688,0.0049010813984596,-0.0180874386752747,0.0057179282982029
2017-10-09,171.8898731155409,174.05965478251142,169.99879196002192,172.9250030517578,0.0060220530590604,-0.0110017019690729,0.0126230919113662
2017-10-16,173.6715031710351,175.91094881166316,171.82022750062742,174.15919494628906,0.0028081277949996,-0.010659639817734,0.0128947213546173
2017-10-23,174.37814186168927,177.3740318106502,168.0977442099448,177.0455780029297,0.0152968492080626,-0.0360159684275444,0.017180421335933
2017-10-30,178.4191204748391,182.04204532997323,175.8810941823876,178.08071899414062,-0.0018966660064115,-0.014225080169081,0.0203056984335097
2017-11-06,177.72238556445947,179.90211486329636,176.259280012835,177.62286376953125,-0.0005599845771377,-0.0082325338306569,0.0122647987866801
2017-11-13,176.6673756178531,179.1357380782915,175.57252946871662,178.16033935546875,0.0084507042253519,-0.006197217484595,0.0139718069157129
2017-11-20,178.0309449533851,182.29086695192012,177.2645678334108,181.922607421875,0.0218594720682344,-0.0043047410672058,0.0239279862253745
2017-11-27,181.70363860804795,183.3857135257004,171.5315777337349,174.2786407470703,-0.0408632315668376,-0.0559816025272621,0.0092572439965323
2017-12-04,175.46304485380296,181.424952180078,168.21719539555195,178.16033935546875,0.0153724364233688,-0.0412955871379542,0.0339781367138736
2017-12-11,178.4589313771933,179.64335168067933,175.77159974359654,179.3347930908203,0.0049079175072262,-0.015058543794128,0.0066369348642048
2017-12-18,180.1608997611415,180.449547913051,175.40332334509029,176.3687744140625,-0.0210485480040709,-0.026407374865239,0.0016021686852817
2017-12-25,175.80146392037796,178.10062567787614,173.85065126077217,175.63226318359375,-0.000962453514385,-0.0110966804035791,0.0130781718549254
2018-01-01,176.84651296320976,186.0232640472396,176.71713310797816,185.9735107421875,0.0516097129994102,-0.0007315940419957,0.0518910490812952
2018-01-08,186.3218673326885,188.01388982745345,176.56783475663875,178.52859497070312,-0.041826933540066,-0.0523504445059759,0.0090811804271139
2018-01-15,180.64859678305424,181.5145108168175,174.97533810334272,180.4395751953125,-0.0011570617843921,-0.0314049418635932,0.0047933615272038
2018-01-22,179.95189319986017,189.76564179961323,179.56372324781688,189.10873413085935,0.0508849380141243,-0.0021570762337697,0.0545354006854132
2018-01-29,187.8645837593493,194.40377152761545,180.98699455798368,189.3874053955078,0.0081059537975993,-0.0366092909250829,0.0348079858236754
2018-02-05,186.05312655400408,189.7158720137863,166.3957714295385,175.2838897705078,-0.0578825896826322,-0.1056545272232218,0.0196865568863154
2018-02-12,176.2294193818726,179.6532849713919,171.03390488406654,176.52801513671875,0.001694358160479,-0.0294815389849742,0.0194284563924036
2018-02-19,174.94546320615808,182.5297127538717,174.28855563615824,182.43017578125,0.0427831190241946,-0.0037549277241087,0.0433520790349175
2018-02-26,183.71415577779385,184.7890914298819,172.17852693631085,175.79148864746094,-0.0431249682246343,-0.062791181183858,0.0058511313270177
2018-03-05,175.37345933864026,184.63978457452825,175.06491594943074,184.3610992431641,0.0512485751174524,-0.0017593505332738,0.0528376715087488
2018-03-12,184.36109864667657,185.22702788302433,180.2604300522611,184.2217559814453,-0.000755813814596,-0.0222425914388494,0.0046969194841222
2018-03-19,176.17964347036224,176.3388965578668,158.27404399075158,158.64230346679688,-0.0995423742386876,-0.1016326241040601,0.0009039244510184
2018-03-26,160.06560278802618,162.08607886978655,148.32095339516596,159.04042053222656,-0.0064047630342995,-0.0733739740974429,0.0126227999430712
2018-04-02,157.06972459981702,160.81209648699777,149.80396522679823,156.46258544921875,-0.0038654116962714,-0.0462581785989025,0.0238261822685153
2018-04-09,157.07970707607055,167.85889247373973,155.30804270705664,163.74827575683594,0.04245340664874,-0.0112787603312496,0.0686223930405538
2018-04-16,164.9426293202571,168.20724203350437,162.6235572378031,165.5,0.0033791790638954,-0.0140598709503485,0.0197924134391516
2018-04-23,166.48535044911375,176.26924031554097,155.45732425970053,172.77569580078125,0.037783176325716,-0.0662402196929869,0.0587672719553644
2018-04-30,172.9747759937126,177.24466088775952,169.43147773705138,175.78155517578125,0.016226523005705,-0.0204844795219738,0.0246850147341837
2018-05-07,176.51807489113182,187.43661692885604,176.27919523982868,186.11285400390625,0.0543557883162506,-0.0013532871999112,0.0618550935617118
2018-05-14,186.82947782682243,186.97876811692456,181.3652254009103,181.82305908203125,-0.0267967282413098,-0.029247271305747,0.0007990724581509
2018-05-21,182.9079519147391,186.0332217848024,181.3253989522971,184.05255126953125,0.0062577889195637,-0.0086521824003567,0.0170865718922932
2018-05-28,183.4752751966693,193.637387753908,182.8482407932027,193.08001708984375,0.0523489711781549,-0.0034175416976178,0.0553868228094813
2018-06-04,190.94010427851975,194.08528484712727,185.55547811552233,188.2129669189453,-0.0142826849806074,-0.0282006034475763,0.0164720794538779
2018-06-11,187.9242905244517,196.3545589992337,187.91434290181215,194.9312744140625,0.0372862064294934,-5.293420351239544e-05,0.044859919126235
2018-06-18,193.8862228173979,202.59517776131275,192.88095086977023,200.79367065429688,0.0356262953423173,-0.0051848549784501,0.0449178637726979
2018-06-25,199.06179495241287,199.8082766834844,192.20411672379063,193.408447265625,-0.0283999633789062,-0.0344499969482421,0.00375
2018-07-02,192.46290911236983,202.6847374662281,191.3183097620688,202.2766571044922,0.0509903338642385,-0.0059471165409475,0.0531106403878069
2018-07-09,203.96868509187257,207.452266916574,200.8036094667196,206.3474884033203,0.0116625908059184,-0.0155174585928586,0.0170790031966542
2018-07-16,206.526643499628,210.50788000082565,203.8791175814007,208.9552001953125,0.0117590479103916,-0.0128192947571535,0.0192771084337349
2018-07-23,209.5921769838368,217.59445488830735,172.18846188107742,174.06959533691406,-0.1694842916282231,-0.1784594999728634,0.0381802318179444
2018-07-30,174.47769773119813,178.01104826529112,165.77869025796352,176.94606018066406,0.0141471516506866,-0.0498574178038294,0.0202510153448751
2018-08-06,178.13045624196752,187.4166912063103,177.543227566029,179.41439819335938,0.0072078743774606,-0.0032966214106634,0.0521316520501615
2018-08-13,179.25517636797196,181.75339676085144,171.2329722028169,172.98472595214844,-0.0349805821113452,-0.04475298469868,0.0139366708593739
2018-08-20,173.22359507344024,174.72652158624197,170.10828780998548,173.8307342529297,0.0035049450349535,-0.0179843124843008,0.0086762228446104
2018-08-27,175.16444497975024,178.94660721572478,173.9302562917434,174.90565490722656,-0.0014774121115366,-0.0070458858711282,0.0215920658807886
2018-09-03,172.68613233949048,173.0743022888458,159.24945921797394,162.2751922607422,-0.0602882231346812,-0.0778097982708933,0.0022478350988382
2018-09-10,162.74299891959902,166.40574460756892,159.58787063438444,161.55859375,-0.0072777641893164,-0.0193871828967175,0.0225063180123615
2018-09-17,161.16046885215025,166.46546887555277,158.12477266032525,162.1657257080078,0.0062376143667079,-0.0188364815109216,0.0329175017992121
2018-09-24,160.27461956386335,170.9642445255446,160.12532927709583,163.68853759765625,0.0213004282467354,-0.0009314655506515,0.0666956813921609
2018-10-01,162.26525453243062,165.10189177262342,155.46729100503472,156.5919952392578,-0.0349628718083879,-0.0418941414598233,0.0174814827016825
2018-10-08,154.81035817179605,159.83667175645138,148.46029695628312,153.01881408691406,-0.011572507847917,-0.041018322614215,0.032467553489396
2018-10-15,152.60079070707908,159.73715476709128,151.8343984868068,153.32736206054688,0.0047612554961295,-0.0050222034677617,0.0467649219047011
2018-10-22,154.03401548449588,156.60191452882643,143.12543734140945,144.6880645751953,-0.0606745911278361,-0.0708192804607137,0.0166709868353007
2018-10-29,147.80340170001273,155.66633753374828,138.37782328571512,149.6447296142578,0.0124579535590277,-0.0637710519912668,0.0531986120975378
2018-11-05,149.39591801222406,152.29225626166522,143.39420471033134,144.280029296875,-0.0342438319829492,-0.0401732080886014,0.0193869972351197
2018-11-12,143.80224987088783,144.89709592040987,137.12373453043682,138.87547302246094,-0.0342607772329736,-0.0464423564057397,0.0076135529903394
2018-11-19,136.96448278338514,137.10382544676816,126.254954981624,131.112060546875,-0.0427294880948514,-0.0781920070380485,0.001017363483958
2018-11-26,132.37610630560962,140.30872080822343,131.23150695003207,139.95040893554688,0.0572180497018915,-0.0086465706502582,0.0599248212082941
2018-12-03,142.32920199374703,143.00600489518436,133.04296622301828,136.77537536621094,-0.0390209918255573,-0.0652447680493334,0.0047551935369318
2018-12-10,138.94516132983566,146.4995540200414,138.3579173978666,143.3842315673828,0.0319483614618968,-0.0042264439175037,0.0543695988971699
2018-12-17,142.40882751360184,145.2454493295649,122.84104700895804,124.3638687133789,-0.1267123612719823,-0.1374056710267826,0.0199188622326952
2018-12-24,122.52253062697758,135.2823911039633,122.44290408825206,132.5751495361328,0.0820471047872871,-0.0006498930304332,0.1041429720043362
2018-12-31,133.81930512163535,137.352655455208,127.95693514483992,137.30288696289062,0.0260319827403741,-0.043808103557755,0.0264038909061813
2019-01-07,136.91470864891377,144.67812217207242,135.27245481335797,143.1254425048828,0.0453620645820827,-0.011994721763364,0.0567025529964509
2019-01-14,141.33390257175287,151.7149699567033,140.60733112785286,149.336181640625,0.0566196710291043,-0.0051408149826694,0.0734506526463467
2019-01-21,148.50011579904756,150.81918784194875,141.85145825092155,148.31100463867188,-0.0012734748344007,-0.0447720697883028,0.0156166345758233
2019-01-28,147.3555021773569,170.87464378977825,142.75716421731897,164.9326629638672,0.1192840479438252,-0.0312057431998933,0.159608167085025
2019-02-04,164.92270065070196,171.66094693069317,162.8524560782588,166.54505920410156,0.0098370845674888,-0.0125528175580136,0.0408569969652782
2019-02-11,167.11239510450227,167.55033354707635,160.10542558495243,161.73773193359375,-0.0321619660082516,-0.0419296816084054,0.0026206221405672
2019-02-18,159.74710571714,163.37997774734936,158.8413708186106,161.13058471679688,0.0086604323342582,-0.0056698047483449,0.022741394993672
2019-02-25,162.30507104711597,165.46019924311184,159.65754505230888,161.51876831054688,-0.0048445974700373,-0.0163120349704818,0.0194394924055081
2019-03-04,163.13116887162363,172.75582202729674,163.06150512622716,168.804443359375,0.0347773790072942,-0.0004270412936922,0.0589994739953543
2019-03-11,170.7950640216045,173.48239581199488,161.74769189228482,165.201416015625,-0.0327506420517629,-0.0529720936676205,0.0157342473904892
2019-03-18,162.80271473428255,166.63464560887888,158.5328302440155,163.569091796875,0.004707397317319,-0.0262273543609891,0.0235372664445465
2019-03-25,162.2353730196712,168.65511327043075,161.24006398274068,165.90806579589844,0.0226380517877684,-0.0061349693251534,0.0395705334247987
2019-04-01,167.04274758561607,177.16504049240768,166.49532447923616,174.89573669433594,0.0470118530868566,-0.0032771438107442,0.0605970211403732
2019-04-08,174.38810557533958,178.78736975999095,173.41269177019157,178.25985717773438,0.0222019247793371,-0.0055933505437766,0.0252268591951117
2019-04-15,177.66267955053502,179.89217746719297,176.04032081013767,177.44371032714844,-0.0012324998358718,-0.0091316800157563,0.0125490503818714
2019-04-22,177.41382431985875,197.54892057790704,177.41382431985875,190.5917205810547,0.0742777306769373,0.0,0.1134922621460817
2019-04-29,190.0542687052977,196.4640617088218,188.8599008284101,194.55307006835935,0.023671140846816,-0.0062843517539696,0.0337261196351411
2019-05-06,190.34291795661076,193.3686509414998,183.72410332214784,187.45651245117188,-0.0151642390293546,-0.0347731069036763,0.0158962204497608
2019-05-13,182.63922664868,187.6953988873596,177.26456338349473,184.4307861328125,0.0098092809360098,-0.0294277596538658,0.0276839336842216
2019-05-20,181.0268235919635,185.8640264154064,178.82718380315848,180.21066284179688,-0.0045085072696534,-0.0121509052921518,0.0267209175273714
2019-05-27,180.6884124616935,183.84355576301988,176.328968807225,176.63751220703125,-0.0224192586534626,-0.0241268579156547,0.0174617910376254
2019-06-03,174.17910402435913,174.2288725200943,160.08552259094282,172.53684997558594,-0.0094285365513392,-0.080914306640625,0.0002857317243302
2019-06-10,173.93026494484897,180.98700280755185,172.06904179075457,180.4794006347656,0.0376538016083244,-0.0107009734889127,0.0405722251095315
2019-06-17,184.14214291087615,193.61749040182957,183.54496652497676,190.2433929443359,0.033133371519483,-0.0032430185532728,0.0514567026383495
2019-06-24,191.51738439914843,197.94708817637493,186.4313540463505,192.09466552734375,0.0030142492286349,-0.0265564944339358,0.0335724289332717
2019-07-01,194.2942785071419,196.4739924815909,191.02965098239972,195.4786834716797,0.0060959333112541,-0.0168024892437694,0.0112186215219346
2019-07-08,194.27439601168425,204.33697215639953,192.73166378703093,203.9089813232422,0.049592666400458,-0.0079409961185031,0.0517956887335276
2019-07-15,203.2919055339726,204.50618398151488,197.1409019244472,197.42953491210935,-0.0288372063140681,-0.0302570020846082,0.0059730781919369
2019-07-22,198.97224137862125,207.68119580896388,195.32940650911297,198.81298828125,-0.0008003784662012,-0.0183082566908235,0.0437696955615557
2019-07-29,198.0665279797604,198.69357762674016,187.1878058685232,188.1333465576172,-0.0501507322991912,-0.0549245863104585,0.0031658536824748
2019-08-05,183.8236607978218,190.08414905905013,178.49875043863256,186.9688415527344,0.0171097710776841,-0.02896749164976,0.0340570317991541
2019-08-12,185.97352028038583,190.48226950346572,178.46888080359363,182.8382873535156,-0.0168584910483134,-0.0403532689249401,0.0242440387012203
2019-08-19,185.1374626852999,186.62047889162216,175.83133058356574,176.9162139892578,-0.04440618649947,-0.0502660669901958,0.0080103517938081
2019-08-26,178.5584640817189,185.92376126070715,177.40391695409195,184.7990570068359,0.034949857780256,-0.0064659333488585,0.0412486589020918
2019-09-02,183.13688498206895,190.4623609888402,181.2557512818612,186.6105194091797,0.0189674211585003,-0.0102717358133067,0.040000003317128
2019-09-09,186.84936511591485,190.03435106253843,183.68428960286073,186.31190490722656,-0.0028764358303003,-0.0169391825928368,0.0170457413363311
2019-09-16,186.0531350037141,192.1942059191559,184.66965587125677,189.0390625,0.0160487889452994,-0.0074359356128543,0.0330070810971243
2019-09-23,188.45181455819235,189.20825916674923,174.83599385070116,176.2692413330078,-0.0646455607431822,-0.0722509397928176,0.0040139948258407
2019-09-30,177.03561644509995,180.13102820825586,172.27804038544963,179.603515625,0.0145049862364637,-0.0268735532159184,0.0174846837337718
2019-10-07,179.15564113754235,185.61520277706444,176.88633756477708,183.32598876953125,0.0232777913411457,-0.0126666598849827,0.0360555860731336
2019-10-14,183.3359261263105,190.5917376908868,181.71358268305528,184.9781951904297,0.0089577045744308,-0.008849020906778,0.0395765942763304
2019-10-21,186.1625872386865,189.75565330840237,180.64858210367936,187.00860595703125,0.0045445152589119,-0.0296192979308856,0.0193006883016137
2019-10-28,186.32186351237843,197.16077918014395,184.21181304597417,192.7117462158203,0.0342948625726758,-0.0113247604260039,0.0581730746109966
2019-11-04,193.63739731371737,196.444161206956,188.58122503160925,189.94479370117188,-0.0190696821160171,-0.0261115484521643,0.0144949474232568
2019-11-11,189.0390529627225,194.78199080992627,187.6555739000636,194.184814453125,0.0272206266893286,-0.0073184828265709,0.0303796372082769
2019-11-18,193.6473481280102,199.06183239922308,192.1444367607926,197.8873748779297,0.021895609678665,-0.0077610738372937,0.0279605392149942
2019-11-25,198.58407192443755,202.84399357251317,197.11100355101976,200.69412231445312,0.0106254765025588,-0.0074178576314937,0.0214514769829905
2019-12-02,201.1818387560948,201.23159206268895,194.16490637136044,200.10690307617188,-0.0053431049570341,-0.0348785577670428,0.000247305158864
2019-12-09,199.70874661049692,202.70463644784445,192.2638394744949,193.19943237304688,-0.0325940368057365,-0.0372788235986591,0.0150012950769281
2019-12-16,194.35401696403335,206.73566490088783,193.89616808445956,205.332275390625,0.0564858838426954,-0.0023557469340009,0.0637066736786089
2019-12-23,205.73038325261317,207.9499182427041,204.03836085854553,207.1238250732422,0.0067731455052899,-0.0082244652798319,0.0107885619761158
2019-12-30,206.8849489142908,209.41302733101944,202.6449376406739,207.6911468505859,0.003896841894618,-0.0204945371612,0.0122197309663931
2020-01-06,205.73036797099837,218.84854853352056,205.5512196402423,217.03707885742188,0.0549588813646481,-0.0008707918647252,0.0637639483752415
2020-01-13,218.56988301062796,221.5856683489994,217.60443197494217,221.09796142578125,0.0115664536226629,-0.0044171274760616,0.0137978082653995
2020-01-20,221.11786911161832,221.70509782456188,215.09624613326204,216.91766357421875,-0.0189953238708145,-0.0272326384228884,0.0026557270803253
2020-01-27,212.10038725365155,223.14830977475583,200.1168565085857,200.96287536621097,-0.0525105683759135,-0.0564993345850646,0.0520881770380364
2020-02-03,202.4857016469072,211.82170659851317,201.5501085894269,211.33399963378903,0.0436983842064634,-0.0046205388818601,0.0461069837310588
2020-02-10,210.52778233954916,213.92177478401737,205.5412740937481,213.17529296875,0.0125755878857395,-0.0236857491699533,0.0161213518080677
2020-02-17,212.54826330456484,217.74377806950375,207.85040309422,209.19406127929688,-0.0157808959392044,-0.0221025574959095,0.0244439295064676
2020-02-24,200.85340615091113,202.69471911866185,180.96713193847913,191.56716918945312,-0.0462339033199207,-0.0990088970534582,0.0091674470602068
2020-03-02,193.11981034247123,196.3147590188624,175.43316458422404,180.24050903320312,-0.0666907309324115,-0.0915837983005594,0.0165438681341151
2020-03-09,168.8044287938847,177.45365208278332,153.6160022657442,169.48123168945312,0.0040093906327233,-0.0899764694366286,0.0512381301290357
2020-03-16,151.60549588857145,159.1797838839276,136.4568895234345,149.0276336669922,-0.0170037517866366,-0.099921221696811,0.0499605106725365
2020-03-23,148.95796096216708,163.23068956318832,141.5827170144118,156.05450439453125,0.0476412498299878,-0.0495122509741421,0.0958171588066131
2020-03-30,158.43330231373417,170.12818476028684,150.12248007042623,153.45675659179688,-0.0314109827243428,-0.0524562836344256,0.0738158094022059
2020-04-06,159.39875193948498,176.24934349704938,157.76644556512167,174.3682098388672,0.0939120144746509,-0.010240396204501,0.1057134472668998
2020-04-13,172.85533649928743,180.37987116677377,168.65513071404618,178.3992156982422,0.0320723635800368,-0.0242989650785734,0.0435308207422183
2020-04-20,176.57778905500174,189.51680720691496,167.55032833145927,189.17840576171875,0.0713601454302504,-0.0511245540668228,0.0732765894349423
2020-04-27,191.7562754250284,208.70639000167935,181.70364636156745,201.3211975097656,0.0498806209264159,-0.0524239899903105,0.0883940540620169
2020-05-04,199.2608822094252,212.20986354293584,197.82763465082252,211.35389709472656,0.0606893573450682,-0.0071928194972876,0.0649850647549633
2020-05-11,209.90072521100723,214.27013133851423,199.74857592568088,209.89077758789065,-4.739203786267142e-05,-0.048366432632001,0.0208165365942142
2020-05-18,211.15482908589584,236.0873262113777,209.95051352500508,233.80807495117188,0.1072826321962113,-0.0057034715526248,0.1180768502118393
2020-05-25,238.6452639406217,239.76995288114824,220.09270317434328,224.03411865234375,-0.0612253729531938,-0.0777411646890867,0.0047128064557207
2020-06-01,223.53648146989804,231.9070351830231,222.4515981262046,229.6875,0.0275168441842468,-0.0048532719874609,0.0374460296506559
2020-06-08,227.9556222248407,240.0784939107635,222.5013330814154,227.5077362060547,-0.0019647947895062,-0.0239269779362825,0.0531808409356343
2020-06-15,224.03412877508603,239.70029997303936,223.7454958093106,237.66986083984375,0.0608645305039528,-0.001288343732955,0.0699276100637372
2020-06-22,237.44093518618809,244.03983934352624,214.3895729095091,215.06639099121097,-0.0942320420757787,-0.0970825113142489,0.0277917712552963
2020-06-29,208.76609242686985,238.87419395684748,206.13847690083296,232.32505798339844,0.1128486205909192,-0.012586409485809,0.1442193087008343
2020-07-06,232.6634368435868,246.4882788682833,231.18043608665903,243.92039489746097,0.0483830128471878,-0.0063740172372883,0.0594199166497766
2020-07-13,245.85130381589636,248.9765738903622,230.941577235298,240.89466857910156,-0.0201611102315183,-0.0606453020552756,0.0127120337617008
2020-07-20,238.93390839472505,245.75178204083812,225.83563653996,229.62777709960935,-0.0389485584429551,-0.0548196442387169,0.0285345587485632
2020-07-27,230.3742363048032,254.64982310114735,227.9257693922777,252.48004150390625,0.0959560650256711,-0.0106282149939979,0.1053745730673877
2020-08-03,251.46484641553093,277.5817787240025,246.26933152550956,267.1807861328125,0.0624975615530446,-0.0206609987999518,0.1038591782539451
2020-08-10,266.7826461283266,272.5753217117586,253.9332026545673,260.0145263671875,-0.0253694153625101,-0.048164465193806,0.0217130899160721
2020-08-17,261.2686233110811,269.22113283033497,258.04383173745634,265.7574768066406,0.0171809895833332,-0.0123428199404761,0.0304380580357142
2020-08-24,269.7984138589029,303.24080183041804,267.50918496870787,292.2824401855469,0.0833363918084503,-0.0084849605209029,0.123953241582082
2020-08-31,292.57111666844935,302.1758432304257,269.86811894847597,281.40374755859375,-0.038169759329014,-0.0775982194636838,0.0328286902389641
2020-09-07,270.00748239474404,277.98985135728884,261.40802657934574,265.359375,-0.0172147355085094,-0.0318489537368676,0.029563510209968
2020-09-14,269.67902073452285,275.342332110213,248.87705081975477,251.3454132080078,-0.0679830691930722,-0.0771360332669182,0.0210001926003181
2020-09-21,246.378815133395,256.7797924949781,242.98482254546784,253.6246795654297,0.0294094458897028,-0.013775504951956,0.0422153883480273
2020-09-28,258.1831971413768,267.07130089515846,253.6246944277492,258.7206726074219,0.0020817600525364,-0.017656078180531,0.0344255701075491
2020-10-05,260.9700879607627,264.4437073964777,253.6247011043437,263.20953369140625,0.0085812352984309,-0.0281464704013259,0.0133104121735102
2020-10-12,268.932576689063,278.8657437560984,262.433208376129,264.6825866699219,-0.0158031803787569,-0.0241672778841088,0.0369355293037631
2020-10-19,264.28443759818623,283.90197245570727,258.66094697102477,283.4541015625,0.0725342140404764,-0.0212781754319992,0.074228868849808
2020-10-26,281.83172863573293,283.89202576431103,257.88459409973575,261.8757629394531,-0.0708080874814235,-0.0849696187576836,0.0073103803413171
2020-11-02,263.35880675207335,295.98503942295514,256.132852614584,292.0336608886719,0.1088813185715604,-0.0274376779975764,0.123885102128353
2020-11-09,288.51025600559456,291.2075352743974,262.76161337321093,275.65087890625,-0.0445716463510926,-0.0892468884429686,0.0093489892045658
2020-11-16,273.75972373231684,278.099286694606,267.9272276693587,268.4348449707031,-0.0194509210084548,-0.0213051649214155,0.0158517217329325
2020-11-23,269.61928378692454,278.8656830142248,263.28910241890094,276.5068054199219,0.025545359872851,-0.023478221880547,0.0342942800582749
2020-11-30,274.73517217548545,290.4112906441294,269.7387313824943,278.3879699707031,0.0132957049739684,-0.0181863892905554,0.0570590155767566
2020-12-07,277.8803735641058,287.13673682730735,268.98230702748845,272.2668151855469,-0.0202013488990215,-0.0320212126624502,0.0333106046478886
2020-12-14,272.0876085870391,279.1244503030252,266.21529173205874,275.1033935546875,0.0110838747244297,-0.0215824487027376,0.0258624115685704
2020-12-21,271.69950246217036,273.3815773541408,263.388664992115,266.1456604003906,-0.0204411197350389,-0.0305883426165363,0.0061909384328175
2020-12-28,267.47935209904847,279.1941593953732,264.413813501295,271.8786315917969,0.0164471741770906,-0.0114608420190066,0.0437970527608677
2021-01-04,273.4910196006638,273.709988806686,258.790315863911,266.3148498535156,-0.0262391421759529,-0.0537520528396797,0.0008006449584412
2021-01-11,259.2581221533713,262.2340866064044,243.46255660094909,250.1808929443359,-0.0350123233696241,-0.0609260200653536,0.0114787703787832
2021-01-18,255.69492406042832,277.1637505134618,251.53453894871168,273.2123718261719,0.0685091729142173,-0.0162708944145228,0.0839626618788872
2021-01-25,276.8352964199031,285.4447143326416,253.65453824202993,257.1181945800781,-0.0712232222365103,-0.0837348361197145,0.031099422740082
2021-02-01,258.3025780508107,267.93719215486976,253.71421818839437,266.84234619140625,0.0330611030096481,-0.0177635078094875,0.0372997210355516
2021-02-08,267.4892883864877,272.51558658593575,263.75687971132743,269.2310791015625,0.0065116279069766,-0.0139534883720929,0.0187906522529069
2021-02-15,269.5297160272325,275.3025275437146,258.92967924729834,260.33306884765625,-0.0341210880756726,-0.0393278965161049,0.0214180892614408
2021-02-22,256.7399985588922,266.20536759511856,252.8483210841456,256.4115295410156,-0.0012793838892275,-0.015158048985709,0.0368675278077294
2021-03-01,259.5965222812696,265.4588769846121,252.3108525048768,263.040283203125,0.0132658207112811,-0.0280653597065482,0.0225825625544811
2021-03-08,264.30432363751527,276.5963972965573,253.85359310540312,267.1409606933594,0.0107324655790892,-0.0395405205192366,0.0465072742279472
2021-03-15,267.81776535602927,291.42649896009794,267.24049942964285,288.7491149902344,0.0781551948444479,-0.0021554429954227,0.0881522313229815
2021-03-22,289.087552832058,298.3040948447517,276.44711456190583,281.6923828125,-0.0255810737858165,-0.0437252941066455,0.0318814903042468
2021-03-29,284.42945453040926,300.9814487897858,283.3644969380344,297.2590026855469,0.0451062572837932,-0.0037441888503885,0.0581936715615609
2021-04-05,299.47855987004255,314.3982330705701,299.26952309630434,310.9942626953125,0.0384525116932148,-0.0006980024674518,0.0498188358024757
2021-04-12,309.59089452771735,312.9550442664869,300.53360569186015,304.7437438964844,-0.015656631757944,-0.0292556693234604,0.010866436313967
2021-04-19,303.579211047658,306.25659471616746,294.6512880074599,299.7174072265625,-0.012720909998311,-0.0294088749008459,0.0088193906930244
2021-04-26,301.91704461007646,330.25349457503705,299.69749448622724,323.5550537109375,0.0716687232044363,-0.0073515230871306,0.0938550852654142
2021-05-03,324.63998984340924,327.0088000403909,311.6511875704165,317.5832214355469,-0.0217372123849135,-0.0400098653257657,0.0072967295191336
2021-05-10,312.8754090172217,315.36368166667563,296.79121096622083,314.45794677734375,0.0050580445586726,-0.0514076772652834,0.0079529185667542
2021-05-17,312.0791610345611,318.4292380517517,302.1459955008878,314.7466125488281,0.0085473554383582,-0.0318289933257454,0.0203476483214699
2021-05-24,316.7173165686746,332.2142873461535,316.53816821128083,327.18798828125,0.0330599912439741,-0.0005656411822842,0.0489299762493998
2021-05-31,328.60131054126396,330.90047225301316,321.96261550541794,328.8003845214844,0.0006058222345264,-0.0202028866680748,0.0069968123619534
2021-06-07,327.93443631329967,336.7130390386167,327.008775813412,329.7060852050781,0.0054024484640761,-0.002822699897864,0.026769383612187
2021-06-14,330.3430689871927,338.3254670408566,327.1779934849557,328.11358642578125,-0.0067489914901101,-0.0095811772650198,0.024163964081757
2021-06-21,329.5368999986553,343.2821168121637,326.11303412210395,339.7686767578125,0.0310489561539206,-0.0103899316785626,0.0417107061866651
2021-06-28,340.8535588287062,356.46002919408977,340.1667930936651,353.0361633300781,0.035741461944055,-0.0020148410285081,0.0457864380791943
2021-07-05,354.82771137419405,357.1069778286737,340.95309941673304,348.7762451171875,-0.0170546607917688,-0.0391023911399894,0.0064235863812676
2021-07-12,349.5824633776533,356.808387559006,338.54448792742943,339.5596923828125,-0.0286706915959146,-0.0315747401731063,0.0206701563675021
2021-07-19,335.98647075991886,373.5693184307843,332.93086480058764,368.0553283691406,0.0954468718240049,-0.0090944315478542,0.1118582173438777
2021-07-26,367.84636730517946,375.7789829850608,351.2844377176973,354.628662109375,-0.0359326783424193,-0.0450240400872077,0.0215650238386074
2021-08-02,356.4201838594381,363.43710064957736,346.0689756116212,361.8048095703125,0.0151075218371974,-0.0290421494532955,0.019687203777737
2021-08-09,362.0536451602044,364.0641585919988,355.4348153964077,361.4763488769531,-0.0015945048226093,-0.0182813509883816,0.0055530815907261
2021-08-16,360.8194214961627,365.22866361875975,349.35347231398265,357.6842041015625,-0.0086891591965859,-0.0317775277578898,0.0122200797959096
2021-08-23,357.75394901620814,371.9868587342969,357.4155475258196,370.882080078125,0.036695978054241,-0.0009459056743304,0.0397840743819264
2021-08-30,370.8123394603484,382.52711611426406,368.78190048134184,374.4949951171875,0.0099313190661306,-0.0054756510583265,0.031592197473699
2021-09-06,374.1168188921433,381.9897181393809,371.39961389991686,376.91363525390625,0.0074757835535034,-0.0072629853965743,0.0210439596662648
2021-09-13,379.8895580563879,379.9592369810591,359.8938025108812,363.0091247558594,-0.0444351073688182,-0.0526357071981923,0.0001834188995025
2021-09-20,357.61454680870423,359.3364424832632,339.09185907220916,351.3042907714844,-0.0176454120603638,-0.0517951182405431,0.0048149486365275
2021-09-27,348.1690910411475,353.48403825278353,336.56378271689624,341.4010009765625,-0.0194390893354319,-0.0333323911365806,0.0152654194424395
2021-10-04,333.95607505003005,337.2505458786139,321.1862721286622,328.50177001953125,-0.0163324024864098,-0.0382379716238274,0.009864982477382
2021-10-11,326.0931659137063,328.9695937763173,315.8812835558163,323.23663330078125,-0.008759866539739,-0.0313158429103428,0.0088208774769975
2021-10-18,327.4069486025816,342.36644352648824,319.60369833823506,323.0872802734375,-0.0131935756024148,-0.0238334900882584,0.0456908290668717
2021-10-25,318.7974745286774,328.6609907960975,306.66465485673103,322.0521545410156,0.0102092402618623,-0.0380580796315404,0.0309397566025348
2021-11-01,324.510604224273,345.16326911563067,321.68392987925426,339.5298156738281,0.046282652258646,-0.0087105761975814,0.0636424961850688
2021-11-08,342.8043638808115,343.1726233774771,323.9830656877744,339.2909240722656,-0.0102491105094783,-0.0549039048977246,0.0010742555680933
2021-11-15,342.7247485387154,351.99107428100325,333.72714533172115,343.68023681640625,0.0027879173644879,-0.0262531470089556,0.0270372238415723
2021-11-22,347.41260824588994,352.1701842418893,330.3430642855771,331.5573425292969,-0.0456381413347298,-0.0491333462147448,0.0136943101173577
2021-11-29,335.3096908739874,339.07195798514755,298.09506975609906,305.400634765625,-0.0891983050964145,-0.1109858203647145,0.0112202755051718
2021-12-06,306.68457896038154,334.5532320445125,304.90296727623667,328.2031555175781,0.0701651730587223,-0.0058092640007668,0.0908707349375109
2021-12-13,329.3975386205372,342.84414308338074,322.46023340344146,332.2242126464844,0.0085813453184404,-0.021060586081329,0.0408218122064776
2021-12-20,328.23304014706616,335.09073455875176,321.0170490321568,333.66741943359375,0.0165564663572341,-0.0219843532865435,0.0208927608525119
2021-12-27,337.26052025365016,351.0554908488342,334.6926055707205,334.7722473144531,-0.007377895691217,-0.0076140387881699,0.0409030104822497
2022-01-03,336.7130535933098,341.4805926476881,321.2061513084042,330.2336120605469,-0.019243214552023,-0.0460537603737668,0.0141590562156722
2022-01-10,323.7840253120789,334.7921423583995,313.95036580247887,330.3431091308594,0.020257589337394,-0.0303710459468216,0.0339983327951724
2022-01-17,321.7734773749873,326.28222624192375,301.61846873067253,301.74786376953125,-0.0622351281678777,-0.0626372590082264,0.0140121830541119
2022-01-24,296.44286678973447,308.07803291624106,287.6543005616188,300.2947082519531,0.0129935373515017,-0.0296467455037443,0.0392492700280063
2022-01-31,299.2695304954162,326.46138217896464,229.0305757696883,235.9778289794922,-0.2114872884357781,-0.2347013229494263,0.0908607422831672
2022-02-07,236.58496477245555,237.18215629406257,215.13605110689676,218.5201110839844,-0.076356727511597,-0.0906605104267217,0.0025242158654561
2022-02-14,218.28122476938495,220.11258977178824,204.21750306881063,205.1929168701172,-0.0599607589388214,-0.0644293695686962,0.0083899336937389
2022-02-21,201.3908301781682,210.32871641063437,189.3276893133749,209.49264526367188,0.0402293147028397,-0.0598991565510762,0.0443808003798332
2022-02-28,206.70578674226317,212.15012873803616,197.8574894445822,199.1215362548828,-0.03669104095686,-0.0428062389405368,0.0263386046495225
2022-03-07,199.84811723809025,199.94765422782177,185.23698622847303,186.72994995117188,-0.0656406848771557,-0.073111176685293,0.000498063184718
2022-03-14,186.15265934291156,215.78301543625656,184.94834383943564,215.47447204589844,0.157514874117233,-0.0064695046943028,0.1591723491780096
2022-03-21,213.49380981036504,224.44221031346072,206.6560409015214,220.77947998046875,0.0341259082714161,-0.0320279492642773,0.0512820512820513
2022-03-28,221.088015597046,230.06569275863407,218.51015348163597,223.79525756835935,0.012245086935185,-0.0116598907835349,0.0406068014919033
2022-04-04,224.9199510768635,235.74891918122924,217.53475921606812,221.28707885742188,-0.0161518451433422,-0.0328347566564763,0.048145876132905
2022-04-11,217.3954138064032,220.9884802980608,209.01491292950467,209.19406127929688,-0.0377255084801829,-0.0385495753114718,0.0165277934283254
2022-04-18,209.01492172152555,217.40537057505628,182.410312366248,183.24636840820312,-0.1232857113792782,-0.1272856939406622,0.040142822265625
2022-04-25,181.8728283358236,211.4832741821555,168.20723858924669,199.5296173095703,0.0970831604440872,-0.075138160392732,0.1628085191024628
2022-05-02,200.22632304319,223.2478266063963,200.04717470111905,202.8141326904297,0.0129244227627427,-0.0008947292211539,0.1149774076320645
2022-05-09,198.90257180395196,202.00794659983353,183.9132188182725,197.68829345703125,-0.0061048901274014,-0.0753602773947724,0.0156125421995165
2022-05-16,196.12563961334564,204.49619186829048,186.9886951833053,192.6320953369141,-0.0178127871670372,-0.0465872001644123,0.0426795408873978
2022-05-23,194.27437675784137,196.0659360931994,175.2838781774679,194.21466064453125,-0.0003073802850725,-0.0977509175285874,0.0092217994223251
2022-05-30,193.9758074380956,199.99743107523943,184.13220015615505,189.8850860595703,-0.0210888225318034,-0.0507465720181727,0.0310431683036843
2022-06-06,193.08000474691192,201.08228268852665,174.19899117906937,174.7464141845703,-0.0949533359830458,-0.0977885493248856,0.0414453995487728
2022-06-13,169.78978231547393,171.77045296876167,158.86129222563855,162.971923828125,-0.0401547042134795,-0.0643648277346274,0.011665429016262
2022-06-20,165.15163269365286,169.45137532208366,153.52642962367932,169.36180114746094,0.0254927449710273,-0.0703910877559269,0.026035120321254
2022-06-27,170.51636024187414,170.94433585984223,154.2729086362477,159.27931213378906,-0.0659001171039866,-0.0952603702224548,0.0025098800922154
2022-07-04,157.39817218293396,171.90977991968,156.28343090950847,170.0784149169922,0.0805615628072273,-0.0070823012616048,0.0921967995910404
2022-07-11,166.2862914744828,166.704319456037,156.54220729976112,163.92739868164062,-0.0141857321606342,-0.058598240951311,0.0025139052524865
2022-07-18,165.96779937654142,182.98759177429804,164.8630056217788,168.47598266601562,0.0151124694000655,-0.0066566753244471,0.1025487622399737
2022-07-25,168.20723746108337,170.06846061331902,154.12361980771755,158.3536834716797,-0.0585798455413276,-0.0837277745354103,0.0110650598650148
2022-08-01,156.51234776251147,171.3424464994645,154.50181923358832,166.3260955810547,0.0627027065841117,-0.0128458141332968,0.0947535382924286
2022-08-08,167.21192623571676,182.2410994901211,165.81849959197035,179.65328979492188,0.0744047619047619,-0.0083332970028831,0.0898809887114025
2022-08-15,178.1205189801152,180.58888123696292,166.26638423624556,167.172119140625,-0.0614662471352469,-0.0665512025888101,0.0138578209348428
2022-08-22,164.71370630099872,170.11822735439944,159.02053710748407,161.02110290527344,-0.0224183128329187,-0.034564028224287,0.0328116049038715
2022-08-29,159.90636409649653,167.14225033886635,155.17864585832314,159.56796264648438,-0.0021162475422675,-0.0295655414647563,0.0452507708699028
2022-09-05,159.34900119586104,168.74470682674763,156.07442558328935,168.35653686523438,0.056527092117144,-0.0205497090536939,0.0589630657260162
2022-09-12,166.60478759218609,170.5860239432148,143.61314159011064,145.603759765625,-0.1260529672050435,-0.1380011122990908,0.0238962901880944
2022-09-19,144.55871871714615,148.89826758798438,138.23849900183168,139.75137329101562,-0.033255312919153,-0.0437207784587594,0.0300192815026902
2022-09-26,139.46269246409148,141.57275787508604,133.49083845364336,135.04351806640625,-0.0316871438490481,-0.0428204411153594,0.0151299632447427
2022-10-03,136.496698378388,141.72207149838107,131.81874833697955,132.82400512695312,-0.0269068284805956,-0.0342715252235663,0.038282047713034
2022-10-10,132.92353201815675,135.47152085881788,121.95522159301218,126.1653823852539,-0.0508423868241758,-0.082515941749474,0.0191688318988776
2022-10-17,129.68877937076726,137.1934033373064,124.85157651477564,129.40013122558594,-0.0022256986809638,-0.0372985456371868,0.0578664091292289
2022-10-24,126.65307990283596,137.70101671973603,95.92788599742444,98.73465728759766,-0.2204322440216724,-0.242593341819898,0.0872299104402014
2022-10-31,97.75926792252316,98.85410649113948,87.67678116740593,90.36412048339844,-0.0756465100064534,-0.1031358659836513,0.0111993327270415
2022-11-07,94.33539434065425,114.36101596630525,92.66327476561376,112.48983001708984,0.1924456435818582,-0.0177252619414756,0.2122811036686457
2022-11-14,110.46936588894518,118.18301218246218,109.2849531055931,111.52439880371094,0.0095504568735045,-0.0107216401019515,0.0698261118043488
2022-11-21,110.99685951433962,112.20119012116692,107.8118736606619,110.88738250732422,-0.0009863072477402,-0.0286943780897355,0.0108501322658748
2022-11-28,110.26033600562644,123.45813621402768,107.87159275257198,122.91071319580078,0.11473189406505,-0.0216645744026442,0.1196967167570376
2022-12-05,121.17887980873192,124.08518048352737,112.35048558506716,115.3563232421875,-0.048049268781282,-0.0728542320047805,0.0239835578558137
2022-12-12,114.63969519823364,123.55766325951902,112.60926385129378,118.86975860595705,0.0368987670493088,-0.0177114161323341,0.0777912750541122
2022-12-19,116.28197439969168,119.77550418647684,111.9324705090775,117.48629760742188,0.0103569208722807,-0.0374047990934846,0.030043605681969
2022-12-26,117.37680637434347,120.46226316834046,114.96816009462246,119.77549743652344,0.0204358180825771,-0.0205206322622141,0.0262867672865174
2023-01-02,122.24386504008726,129.71863861013483,121.70639720746009,129.41009521484375,0.0586224116229185,-0.0043966855306066,0.0611464106407007
2023-01-09,130.5447419413177,137.03414617648934,126.5535504237654,136.33743286132812,0.0443732228036755,-0.0305733609657478,0.0497101923728857
2023-01-16,135.5411787506619,139.28355048775077,131.52013688255946,138.71621704101562,0.0234248980244921,-0.0296665700060013,0.0276105886903435
2023-01-23,138.63658862275938,152.4713933036214,138.00955425882677,151.0281982421875,0.0893819571191745,-0.0045228634818678,0.0997918718160872
2023-01-30,148.7091311265392,196.2351390058432,146.26066414294982,185.65499877929688,0.2484438404883139,-0.0164648059271218,0.31959038102955
2023-02-06,185.65501636483089,192.87100777347084,172.5368489283654,173.3330841064453,-0.066370047519598,-0.0706588364447258,0.038867742708658
2023-02-13,177.38397736155724,180.65853740302168,168.90394013433823,172.06903076171875,-0.0299629463658105,-0.0478061060156204,0.0184602921310642
2023-02-20,173.4923232713581,177.334216926905,166.8735239655202,169.59071350097656,-0.0224886594220024,-0.0381503871816014,0.0221444590925087
2023-02-27,171.0737482275859,185.7445959504015,168.26696902536128,184.3810272216797,0.0777867974014961,-0.016406837584985,0.0857574459834621
2023-03-06,187.11811829739756,189.46704847500231,177.96127724794607,178.66793823242188,-0.0451596036870428,-0.0489361539800116,0.0125531947359125
2023-03-13,177.12521381959542,204.7947946031526,173.99994385835564,194.69241333007812,0.0991795528804563,-0.0176444103797831,0.1562148052605264
2023-03-20,197.54896317394233,206.904878643625,192.7316703540226,205.04364013671875,0.037938325984416,-0.0243853105707169,0.0473599826562733
2023-03-27,203.84925719768387,211.17473288382777,196.97166757537408,210.94581604003903,0.0348127775392052,-0.0337386052657538,0.0359357487333885
2023-04-03,207.86034988729165,215.92235971438376,207.2233526674452,215.0863037109375,0.0347635026476381,-0.0030645441528018,0.0387857031485975
2023-04-10,213.70279518208588,221.0680754697277,209.67179082461303,220.45098876953125,0.031577469923571,-0.0188626655727091,0.0344650629457897
2023-04-17,218.75898425789543,219.94340453770113,208.59688667282944,211.891357421875,-0.0313935761738781,-0.0464533953635746,0.005414270338764
2023-04-24,212.67763922993848,240.55625658275457,206.1583768350395,239.19268798828125,0.1246724801645732,-0.0306532572888427,0.1310839139166615
2023-05-01,237.50063512955217,243.7710850362156,228.77178589877687,231.6880340576172,-0.0244740443273522,-0.0367529511069049,0.026401823739305
2023-05-08,230.3344078886535,237.09256453081073,229.1898086089105,232.71319580078125,0.0103275404397144,-0.0049692935164783,0.029340630017484
2023-05-15,235.80863518141504,247.52342779081425,234.2260973235763,244.48773193359375,0.0368056782377863,-0.0067111107132325,0.0496792350305011
2023-05-22,244.25879671458495,261.0795135233531,243.80094787088203,260.810791015625,0.0677641686754928,-0.0018744415753341,0.0688643235577021
2023-05-29,264.00574666031713,274.0583749454534,257.23765672793724,271.3312072753906,0.027747352880537,-0.0256361462505892,0.0380773085900682
2023-06-05,269.03203260734693,275.2726399886242,257.66561990512474,263.7071533203125,-0.0197927333612578,-0.0422492912537723,0.0231965216959328
2023-06-12,265.9167429001578,286.49972758840875,264.08534744534035,279.6818542480469,0.0517647410906255,-0.006887100958156,0.0774038688341604
2023-06-19,277.42251924856765,288.3112033451979,274.9242836619004,287.3756103515625,0.0358770121832719,-0.009005165094146,0.0392494600875356
2023-06-26,287.3457524657983,288.43063575174546,276.2978152599544,285.6338195800781,-0.0059577455766426,-0.038448235657003,0.0037755327045465
2023-07-03,285.3551243772098,296.72153702095966,283.5137965108333,289.1671447753906,0.0133588643501693,-0.0064527590678289,0.0398325163024745
2023-07-10,294.16358776553614,314.75653515318805,285.7034605475355,307.4211120605469,0.0450685429686072,-0.0287599402844645,0.0700050864353258
2023-07-17,306.09737298962193,317.18510070913277,289.834025734893,292.8796691894531,-0.0431813696114828,-0.0531312866095076,0.0362228777438307
2023-07-24,294.39252415578284,324.66984031915814,286.9476011587372,323.9532165527344,0.1004125104118098,-0.0252891034457995,0.1028467562150238
2023-07-31,322.17162880378766,324.1323890905817,308.4761648564577,309.2724304199219,-0.0400382815574421,-0.0425098386167049,0.0060860737305586
2023-08-07,311.7607282536503,316.3988730175864,298.9510726529524,300.22509765625,-0.0370015513564455,-0.0410880987879778,0.0148772579212173
2023-08-14,299.56816840786666,305.788850792765,273.0929381028541,281.92132568359375,-0.0589076029608274,-0.0883779823661576,0.0207654986107495
2023-08-21,282.12039496312525,298.05527403983314,274.73518759423246,284.1607666015625,0.0072322727277619,-0.0261775025866459,0.0564825491570386
2023-08-28,286.64902046792656,300.32455776626847,284.459328300694,294.9897155761719,0.0290972391764323,-0.0076389312744139,0.0477082994249131
2023-09-04,295.6266703952828,305.6096185229114,290.84919931030464,296.49261474609375,0.0029291820986688,-0.016160487409983,0.0337687669190345
2023-09-11,299.9961217278688,311.40235559465185,297.3485958570642,298.9012756347656,-0.0036495341566326,-0.0088252003244435,0.0380212710787302
2023-09-18,296.7911927390201,306.6148876958421,291.8942591008905,297.677001953125,0.0029846209583577,-0.0164995921642313,0.0330996848867424
2023-09-25,294.25318793118026,309.18282397593697,285.44469658988936,298.8017272949219,0.0154579102293546,-0.0299350753112351,0.0507373807900713
2023-10-02,301.31987275901326,314.82622478441607,297.09977181717124,313.9503479003906,0.0419171660525651,-0.0140053853839807,0.0448239669748061
2023-10-09,311.03410721659407,328.98949266283245,310.35730428915264,313.2138366699219,0.0070080078124998,-0.0021759765625,0.0577280273437499
2023-10-16,317.1453070269166,324.41105132600654,305.03238188372967,307.2021484375,-0.0313520596682602,-0.0381936130688476,0.0229098275714774
2023-10-23,308.0481915561352,316.8566838839179,278.08937912958714,295.3381042480469,-0.0412600614335116,-0.0972536546155593,0.0285945269903575
2023-10-30,297.6870418112235,317.3245043721165,295.46749123495954,313.1242980957031,0.0518573337641921,-0.0074559865379409,0.0659668033966557
2023-11-06,314.4977715235158,327.55622168900237,312.9749498582447,327.2277526855469,0.0404771744498012,-0.0048420745809869,0.0415215983955237
2023-11-13,324.6698248971422,336.8125771063272,324.17217037116524,333.4683532714844,0.0270999264472133,-0.001532801904626,0.0374003103399951
2023-11-20,333.3190734071055,341.3114041291345,332.6223448991915,336.6434020996094,0.0099734127379012,-0.0020902749452416,0.0239780179403876
2023-11-27,334.6030230580377,338.30557431434426,319.2553729609138,323.29632568359375,-0.0337913784254208,-0.0458682350113191,0.0110655044968447
2023-12-04,315.8016465811281,331.6071606365716,312.18866953105686,331.1891174316406,0.0487251127950009,-0.0114406529832424,0.0500488652499255
2023-12-11,327.8547822880163,337.07135345361246,318.49888365551953,333.3489074707031,0.016757800951826,-0.028536715454337,0.0281117484432468
2023-12-18,335.8968991281447,355.5243942247528,335.43903510919307,351.7322692871094,0.047143543748296,-0.0013631087995752,0.0584330940462782
2023-12-25,353.3247888013109,360.20237873819656,350.1696757754612,352.29962158203125,-0.0029014868239435,-0.0089297811131614,0.019465347903323
2024-01-01,349.6719921697221,351.8417586673994,338.41504894047284,350.2990417480469,0.0017932507960786,-0.0321928649743998,0.0062051480995485
2024-01-08,353.0361610446534,375.29125864223346,350.39856754699895,372.7333068847656,0.0557935645510853,-0.0074711709130579,0.0630391445786346
2024-01-15,371.8972285089439,382.5569801603824,356.9277715680271,381.6512756347656,0.0262278026779839,-0.0402515958533336,0.028663165074332
2024-01-22,386.13020206195097,394.92873142081856,379.3720443381308,392.2911682128906,0.0159556701807831,-0.0175022769204048,0.0227864313951177
2024-01-29,393.1371413759619,483.68041364889706,385.2841681781672,472.7618713378906,0.2025367780903268,-0.0199751495631008,0.2303096368764289
2024-02-05,467.6758400640679,471.3684282830897,450.8750177651413,465.91412353515625,-0.0037669607407351,-0.0359240757372137,0.0078956146601798
2024-02-12,465.99379067541247,486.3279492025366,452.95523481087906,471.0997314453125,0.0109571004422601,-0.0279801064422667,0.0436361147594944
2024-02-19,467.51658971756143,492.04099004460136,459.6237958773338,481.7594604492187,0.0304649525704784,-0.0168823823877476,0.0524567488436201
2024-02-26,481.7126405038303,502.4171062542749,478.17555652925154,500.47418212890625,0.0389475800457571,-0.0073427260926333,0.0429809475806769
2024-03-04,501.17167254660575,521.666911065442,486.1166096623169,504.1109619140625,0.0058648354016525,-0.0300397323092694,0.0408946467678305
2024-03-11,495.2034399468421,500.4841629407151,474.26979896411706,482.3403625488281,-0.0259753393461781,-0.0422728101100674,0.0106637445701909
2024-03-18,490.1219676051406,513.1678671846339,479.5306015625117,507.7277221679687,0.0359211700892623,-0.021609653805931,0.0470207440243933
2024-03-25,503.95150153415494,508.14619000049333,483.3865117201198,483.81494140625,-0.0399573372965537,-0.040807478004193,0.0083235955316507
2024-04-01,485.4290502148952,528.7709286124164,480.0287384241413,525.4231567382812,0.0823891905638548,-0.0111248220277777,0.0892857120486177
2024-04-08,527.35616796256,529.5580959908953,503.96147323441903,510.039306640625,-0.0328371267351222,-0.0443622283181523,0.0041754096417273
2024-04-15,514.8417282495891,516.6452074016938,474.0007642884702,479.32135009765625,-0.0689928111940316,-0.0793272217851768,0.0035029778146312
2024-04-22,487.9399370390995,508.14622083975553,412.9933500746641,441.6787109375,-0.0948092635792846,-0.1535979764624797,0.0414114161740296
2024-04-29,437.96224783578646,452.5191579879948,425.5574899823434,450.3171691894531,0.0282100144812005,-0.0283238062521183,0.033237819524724
2024-05-06,453.9240404268557,475.7643787968333,451.692192128702,474.4691162109375,0.0452610435983118,-0.0049167880512671,0.0481145223095908
2024-05-13,471.0316146903424,480.7461746971765,458.40765512817626,470.1946716308594,-0.0017768299056385,-0.0268006629883328,0.0206240084611316
2024-05-20,468.24182151898947,478.1058305725195,459.8623868313856,476.4817504882813,0.0175975929329875,-0.0178955281277967,0.0210660573238224
2024-05-27,474.84767763932985,479.11211915578053,452.8080859511944,465.1331176757813,-0.0204582657155317,-0.0464140243829424,0.0089806515168212
2024-06-03,469.1484761373278,500.99232796642747,466.5380043305167,491.1681518554687,0.0469354092321412,-0.0055642764275908,0.0678758505010648
2024-06-10,492.0648744072266,512.1416563427989,491.6165283373407,502.3274536132813,0.0208561507634894,-0.0009111523565384,0.0408010873764523
2024-06-17,500.3427947193107,509.3987592696727,491.08734711442,493.4710083007813,-0.0137341568441781,-0.0184982130302943,0.0180995202607891
2024-06-24,497.8793089134852,521.4966528641997,492.9822953512342,502.8860168457031,0.0100560674898179,-0.0098357442749281,0.0474358816040263
2024-07-01,503.6140978089037,539.4390494858881,491.86526462936666,538.4815673828125,0.0692344986480885,-0.0233290394980068,0.0711357204511344
2024-07-08,540.9151527090056,541.3739576629839,492.9224926713077,497.5502014160156,-0.0801695997529558,-0.0887249318074037,0.0008482013337591
2024-07-15,497.3108425085604,505.3395334663894,457.90535938148247,475.5286254882813,-0.0438000042597184,-0.0792371284895112,0.0161442105652279
2024-07-22,485.2926908609455,493.9098474919766,441.4789193465981,464.4679565429687,-0.0429116999084246,-0.0902831885570305,0.0177566173843327
2024-07-29,468.6368714285464,525.7752807840168,455.49174827190194,486.84857177734375,0.0388610061630076,-0.0280496989418996,0.1219246987145832
2024-08-05,450.1559148341725,516.9687068327605,449.6073516516941,516.4002075195312,0.1471585521868834,-0.0012186070745743,0.1484214464297341
2024-08-12,515.4925380085791,538.3419595150968,507.7530892007,526.0245971679688,0.020431060360401,-0.0150136970707232,0.0443254166098859
2024-08-19,525.4761340160657,542.7901926522679,521.3770218376974,526.6031494140625,0.0021447508745704,-0.0078007580421206,0.0329492768850905
2024-08-26,526.2041229877179,526.6030890713339,511.09424133118455,519.9307861328125,-0.0119218694435274,-0.0287148674752707,0.0007581964226176
2024-09-02,518.2652523636868,524.0997512242461,496.9318272475794,498.9464721679687,-0.0372758546084454,-0.0411631399535482,0.0112577465572879
2024-09-09,504.82090213106767,526.1842465755389,494.2888421985135,523.2320556640625,0.0364706640617957,-0.0208629632570556,0.0423186606463544
2024-09-16,523.1521980973546,563.0064974962918,516.031134720739,559.8648071289062,0.0701757713435426,-0.0136118387775375,0.0761810798920138
2024-09-23,568.5351928960997,576.4218336408459,553.2511324655222,566.3988037109375,-0.0037577078989244,-0.0268832266173725,0.0138718602529631
2024-09-30,566.7382710815591,595.8388514800449,563.8431596015884,594.930419921875,0.0497445651350035,-0.0051083747607969,0.0513474771042909
2024-10-07,597.2065096533966,601.928537862758,580.6246637388551,588.9505615234375,-0.0138242768565108,-0.0277656817976835,0.0079068599103215
2024-10-14,593.2132760998645,599.0833194036751,573.0575393754764,575.4933471679688,-0.0298710929876638,-0.0339772178682579,0.0098953336688681
2024-10-21,575.0541280073938,584.0089019229721,560.5687008789934,572.27880859375,-0.0048261881420807,-0.025189675932931,0.0155720539675233
2024-10-28,581.0140443498194,600.1815301642063,561.6069748641634,566.1991577148438,-0.0254983279303586,-0.0334020660505262,0.03298971169593
2024-11-04,563.1443221910592,593.7923248746758,554.2294579999194,588.3416137695312,0.0447439325685383,-0.0158305142036312,0.0544229986451298
2024-11-11,585.3665760230244,598.6440310165644,550.5656503540905,553.1412963867188,-0.0550514514430324,-0.0594515079855961,0.0226822909564582
2024-11-18,556.0963309799298,569.0343981792281,548.1198760948851,558.1928100585938,0.0037699926467229,-0.0143436567383729,0.0232658740554885
2024-11-25,561.1477162414899,577.4800469055187,555.4474286074864,573.3470458984375,0.021739961339694,-0.0101582657632173,0.0291052252220166
2024-12-02,576.5216258597975,628.7230165931262,574.5949028895137,622.7132568359375,0.0801212459415584,-0.0033419786593613,0.090545416497565
2024-12-09,622.8629704357318,637.3184806136362,605.1430415537196,619.2990112304688,-0.0057218993172283,-0.0284491609279902,0.0232081707599215
2024-12-16,628.912749625943,631.2987154197714,579.0174387948526,584.258544921875,-0.0710022252381222,-0.079335823388485,0.0037937946006779
2024-12-23,589.0759086906954,607.449577344765,585.7289107359945,599.27685546875,0.0173168629501885,-0.0056817770092483,0.0311906638567304
2024-12-30,588.2266406750157,608.9581953145173,583.3309720545324,604.092529296875,0.0269724074442675,-0.0083227590897027,0.035244161358811
2025-01-06,611.286174923071,631.5381159014867,596.8090645204555,615.3125610351562,0.0065867449277614,-0.0236830325901569,0.0331300490821083
2025-01-13,606.5603378283752,624.4144487016482,588.0268387097894,612.225341796875,0.0093395555482276,-0.0305550791285495,0.029435012083373
2025-01-20,617.2808206679301,651.4204294754496,608.4686535527165,646.9144287109375,0.0480066884484475,-0.0142757831122605,0.0553064467005125
2025-01-27,626.0529937651316,710.1581591180768,624.5443262422965,688.5673828125,0.0998547881248868,-0.0024098080160305,0.134341926626898
2025-02-03,675.309161508136,724.3655534509123,674.6497750091058,713.8848876953125,0.0571230606453305,-0.0009764216696802,0.0726428645410659
2025-02-10,717.9213093655202,740.2514192957425,709.4088628078533,736.0151977539062,0.0252031638458774,-0.0118570746495739,0.0311038405448043
2025-02-17,735.3457724034655,736.3448835072745,681.7534381597311,682.9423828125,-0.071263603542162,-0.0728804546853771,0.0013586956521738
2025-02-24,685.6700256728476,688.0379142073739,641.2894647179025,667.6060791015625,-0.0263449558751805,-0.0647258291791221,0.0034533936818992
2025-03-03,673.0811550915563,680.6444333976242,600.0761000698269,625.1038208007812,-0.0712801627676664,-0.1084639712009153,0.0112367999740523
2025-03-10,607.5294894118852,632.7670453686072,585.9886566940662,607.0598754882812,-0.0007729895120951,-0.0354564397173072,0.0415412854792499
2025-03-17,607.4600219726562,613.0999755859375,574.6599731445312,596.25,-0.0184539254719232,-0.0539954032227678,0.0092844852488665
2025-03-24,614.969970703125,633.8800048828125,573.9199829101562,576.739990234375,-0.0621656052978323,-0.0667512069671211,0.0307495244980283
2025-03-31,563.5,592.6599731445312,494.2000122070313,504.7300109863281,-0.104294567903588,-0.1229813447967502,0.0517479558909161
2025-04-07,485.1000061035156,587.8900146484375,481.8999938964844,543.5700073242188,0.1205318501031438,-0.0065966031060993,0.2118944697003106
2025-04-14,556.1699829101562,557.77001953125,495.6300048828125,501.4800109863281,-0.0983331959730425,-0.1088515739568839,0.0028768841725717
2025-04-21,491.3299865722656,549.8599853515625,479.7999877929687,547.27001953125,0.1138543025823575,-0.0234669144859959,0.1191256393439934
2025-04-28,555.6400146484375,604.3400268554688,529.5,597.02001953125,0.0744726869770067,-0.0470448743058519,0.08764669736366
2025-05-05,591.219970703125,611.2999877929688,586.5800170898438,592.489990234375,0.0021481336798207,-0.0078481002726667,0.0339636989358851
2025-05-12,630.9199829101562,662.6699829101562,621.030029296875,640.3400268554688,0.0149306476264422,-0.0156754483629813,0.050323338711751
2025-05-19,628.25,643.0,627.7999877929688,640.4299926757812,0.0193871749713987,-0.0007162947982988,0.0234779148428173
